cropFileName,cropPath,subset,className,sourceImageFileName,sourceImageStem,xmlFileName,xmlStem,xmlFilenameField,xmlFilenameFieldStem,objectIndexInSourceImage,sourceImageObjectCount,sourceImageDistinctClassCount,hasXmlFilenameMismatch,duplicateGroupSize,isExactDuplicateImage,isCrossSplitDuplicateImage,originalXmin,originalYmin,originalXmax,originalYmax,cropXmin,cropYmin,cropXmax,cropYmax,cropWidth,cropHeight,cropArea,bboxWidth,bboxHeight,bboxArea,trueClassIndex,predictedClassIndex,predictedClassName,predictedScore,isCorrectPrediction
val__0__obj001__corrosion.png,/Users/princebhanusteta/Documents/Projects/MajorProject_ML/WTDAnalysis/dataProcessed/crops/val/corrosion/val__0__obj001__corrosion.png,val,corrosion,0.jpg,0,0.xml,0,0.jpg,0,1,1,1,0,1,0,0,304,13,848,1020,304,13,848,1020,544,1007,547808,544,1007,547808,1,1,corrosion,0.9783906936645508,1
val__165__obj001__corrosion.png,/Users/princebhanusteta/Documents/Projects/MajorProject_ML/WTDAnalysis/dataProcessed/crops/val/corrosion/val__165__obj001__corrosion.png,val,corrosion,165.jpg,165,165.xml,165,165.jpg,165,1,2,1,0,1,0,0,208,31,481,486,208,31,481,486,273,455,124215,273,455,124215,1,3,thunderstrike,0.6771546602249146,0
val__165__obj002__corrosion.png,/Users/princebhanusteta/Documents/Projects/MajorProject_ML/WTDAnalysis/dataProcessed/crops/val/corrosion/val__165__obj002__corrosion.png,val,corrosion,165.jpg,165,165.xml,165,165.jpg,165,2,2,1,0,1,0,0,256,502,750,1019,256,502,750,1019,494,517,255398,494,517,255398,1,1,corrosion,0.9717239737510681,1
val__205__obj001__corrosion.png,/Users/princebhanusteta/Documents/Projects/MajorProject_ML/WTDAnalysis/dataProcessed/crops/val/corrosion/val__205__obj001__corrosion.png,val,corrosion,205.jpg,205,205.xml,205,205.jpg,205,1,3,2,0,1,0,0,3,217,391,314,3,217,391,314,388,97,37636,388,97,37636,1,1,corrosion,0.975042998790741,1
val__205__obj002__corrosion.png,/Users/princebhanusteta/Documents/Projects/MajorProject_ML/WTDAnalysis/dataProcessed/crops/val/corrosion/val__205__obj002__corrosion.png,val,corrosion,205.jpg,205,205.xml,205,205.jpg,205,2,3,2,0,1,0,0,405,269,900,428,405,269,900,428,495,159,78705,495,159,78705,1,1,corrosion,0.9463009238243103,1
val__230__obj001__corrosion.png,/Users/princebhanusteta/Documents/Projects/MajorProject_ML/WTDAnalysis/dataProcessed/crops/val/corrosion/val__230__obj001__corrosion.png,val,corrosion,230.jpg,230,230.xml,230,230.jpg,230,1,2,1,0,1,0,0,234,470,342,1010,234,470,342,1010,108,540,58320,108,540,58320,1,1,corrosion,0.5969542264938354,1
val__230__obj002__corrosion.png,/Users/princebhanusteta/Documents/Projects/MajorProject_ML/WTDAnalysis/dataProcessed/crops/val/corrosion/val__230__obj002__corrosion.png,val,corrosion,230.jpg,230,230.xml,230,230.jpg,230,2,2,1,0,1,0,0,311,14,430,460,311,14,430,460,119,446,53074,119,446,53074,1,1,corrosion,0.9912111163139343,1
val__248__obj001__corrosion.png,/Users/princebhanusteta/Documents/Projects/MajorProject_ML/WTDAnalysis/dataProcessed/crops/val/corrosion/val__248__obj001__corrosion.png,val,corrosion,248.jpg,248,248.xml,248,248.jpg,248,1,2,1,0,1,0,0,327,60,650,594,327,60,650,594,323,534,172482,323,534,172482,1,1,corrosion,0.4079324007034302,1
val__248__obj002__corrosion.png,/Users/princebhanusteta/Documents/Projects/MajorProject_ML/WTDAnalysis/dataProcessed/crops/val/corrosion/val__248__obj002__corrosion.png,val,corrosion,248.jpg,248,248.xml,248,248.jpg,248,2,2,1,0,1,0,0,464,604,795,1010,464,604,795,1010,331,406,134386,331,406,134386,1,1,corrosion,0.700851321220398,1
val__3__obj001__corrosion.png,/Users/princebhanusteta/Documents/Projects/MajorProject_ML/WTDAnalysis/dataProcessed/crops/val/corrosion/val__3__obj001__corrosion.png,val,corrosion,3.jpg,3,3.xml,3,3.jpg,3,1,1,1,0,1,0,0,767,27,887,1016,767,27,887,1016,120,989,118680,120,989,118680,1,1,corrosion,0.7116742134094238,1
val__346__obj001__corrosion.png,/Users/princebhanusteta/Documents/Projects/MajorProject_ML/WTDAnalysis/dataProcessed/crops/val/corrosion/val__346__obj001__corrosion.png,val,corrosion,346.jpg,346,346.xml,346,346.jpg,346,1,1,1,0,1,0,0,389,10,764,1022,389,10,764,1022,375,1012,379500,375,1012,379500,1,1,corrosion,0.8918847441673279,1
val__371__obj001__corrosion.png,/Users/princebhanusteta/Documents/Projects/MajorProject_ML/WTDAnalysis/dataProcessed/crops/val/corrosion/val__371__obj001__corrosion.png,val,corrosion,371.jpg,371,371.xml,371,371.jpg,371,1,1,1,0,1,0,0,572,5,608,461,572,5,608,461,36,456,16416,36,456,16416,1,5,hide_craze,0.9147289991378784,0
val__459__obj001__corrosion.png,/Users/princebhanusteta/Documents/Projects/MajorProject_ML/WTDAnalysis/dataProcessed/crops/val/corrosion/val__459__obj001__corrosion.png,val,corrosion,459.jpg,459,459.xml,459,459.jpg,459,1,2,1,0,1,0,0,444,505,509,1013,444,505,509,1013,65,508,33020,65,508,33020,1,1,corrosion,0.7256075143814087,1
val__459__obj002__corrosion.png,/Users/princebhanusteta/Documents/Projects/MajorProject_ML/WTDAnalysis/dataProcessed/crops/val/corrosion/val__459__obj002__corrosion.png,val,corrosion,459.jpg,459,459.xml,459,459.jpg,459,2,2,1,0,1,0,0,464,6,570,500,464,6,570,500,106,494,52364,106,494,52364,1,2,surface_injure,0.4232088029384613,0
val__500__obj001__corrosion.png,/Users/princebhanusteta/Documents/Projects/MajorProject_ML/WTDAnalysis/dataProcessed/crops/val/corrosion/val__500__obj001__corrosion.png,val,corrosion,500.jpg,500,500.xml,500,500.jpg,500,1,1,1,0,1,0,0,537,8,722,989,537,8,722,989,185,981,181485,185,981,181485,1,5,hide_craze,0.6701350212097168,0
val__540__obj001__corrosion.png,/Users/princebhanusteta/Documents/Projects/MajorProject_ML/WTDAnalysis/dataProcessed/crops/val/corrosion/val__540__obj001__corrosion.png,val,corrosion,540.jpg,540,540.xml,540,540.jpg,540,1,1,1,0,1,0,0,191,13,387,760,191,13,387,760,196,747,146412,196,747,146412,1,1,corrosion,0.9913482069969177,1
val__549__obj001__corrosion.png,/Users/princebhanusteta/Documents/Projects/MajorProject_ML/WTDAnalysis/dataProcessed/crops/val/corrosion/val__549__obj001__corrosion.png,val,corrosion,549.jpg,549,549.xml,549,549.jpg,549,1,1,1,0,1,0,0,441,5,725,1024,441,5,725,1024,284,1019,289396,284,1019,289396,1,1,corrosion,0.9958980679512024,1
val__590__obj001__corrosion.png,/Users/princebhanusteta/Documents/Projects/MajorProject_ML/WTDAnalysis/dataProcessed/crops/val/corrosion/val__590__obj001__corrosion.png,val,corrosion,590.jpg,590,590.xml,590,590.jpg,590,1,1,1,0,1,0,0,9,131,1009,258,9,131,1009,258,1000,127,127000,1000,127,127000,1,5,hide_craze,0.5658839344978333,0
val__72__obj001__corrosion.png,/Users/princebhanusteta/Documents/Projects/MajorProject_ML/WTDAnalysis/dataProcessed/crops/val/corrosion/val__72__obj001__corrosion.png,val,corrosion,72.jpg,72,72.xml,72,72.jpg,72,1,1,1,0,1,0,0,462,378,503,944,462,378,503,944,41,566,23206,41,566,23206,1,5,hide_craze,0.7324705123901367,0
val__724__obj001__corrosion.png,/Users/princebhanusteta/Documents/Projects/MajorProject_ML/WTDAnalysis/dataProcessed/crops/val/corrosion/val__724__obj001__corrosion.png,val,corrosion,724.jpg,724,724.xml,724,724.jpg,724,1,1,1,0,1,0,0,316,6,570,1002,316,6,570,1002,254,996,252984,254,996,252984,1,1,corrosion,0.4956930875778198,1
val__866__obj001__corrosion.png,/Users/princebhanusteta/Documents/Projects/MajorProject_ML/WTDAnalysis/dataProcessed/crops/val/corrosion/val__866__obj001__corrosion.png,val,corrosion,866.jpg,866,866.xml,866,340.jpg,340,1,2,1,1,1,0,0,2,217,412,317,2,217,412,317,410,100,41000,410,100,41000,1,1,corrosion,0.9843094348907471,1
val__866__obj002__corrosion.png,/Users/princebhanusteta/Documents/Projects/MajorProject_ML/WTDAnalysis/dataProcessed/crops/val/corrosion/val__866__obj002__corrosion.png,val,corrosion,866.jpg,866,866.xml,866,340.jpg,340,2,2,1,1,1,0,0,428,281,881,428,428,281,881,428,453,147,66591,453,147,66591,1,1,corrosion,0.9176326394081116,1
val__891__obj001__corrosion.png,/Users/princebhanusteta/Documents/Projects/MajorProject_ML/WTDAnalysis/dataProcessed/crops/val/corrosion/val__891__obj001__corrosion.png,val,corrosion,891.jpg,891,891.xml,891,39.jpg,39,1,1,1,1,1,0,0,391,127,600,989,391,127,600,989,209,862,180158,209,862,180158,1,1,corrosion,0.8313273787498474,1
val__920__obj001__corrosion.png,/Users/princebhanusteta/Documents/Projects/MajorProject_ML/WTDAnalysis/dataProcessed/crops/val/corrosion/val__920__obj001__corrosion.png,val,corrosion,920.jpg,920,920.xml,920,920.jpg,920,1,1,1,0,1,0,0,2,602,283,677,2,602,283,677,281,75,21075,281,75,21075,1,2,surface_injure,0.9848635792732239,0
val__929__obj001__corrosion.png,/Users/princebhanusteta/Documents/Projects/MajorProject_ML/WTDAnalysis/dataProcessed/crops/val/corrosion/val__929__obj001__corrosion.png,val,corrosion,929.jpg,929,929.xml,929,485.jpg,485,1,1,1,1,1,0,0,12,20,992,481,12,20,992,481,980,461,451780,980,461,451780,1,1,corrosion,0.9360985159873962,1
val__941__obj001__corrosion.png,/Users/princebhanusteta/Documents/Projects/MajorProject_ML/WTDAnalysis/dataProcessed/crops/val/corrosion/val__941__obj001__corrosion.png,val,corrosion,941.jpg,941,941.xml,941,515.jpg,515,1,1,1,1,1,0,0,55,433,861,760,55,433,861,760,806,327,263562,806,327,263562,1,1,corrosion,0.994867205619812,1
val__955__obj001__corrosion.png,/Users/princebhanusteta/Documents/Projects/MajorProject_ML/WTDAnalysis/dataProcessed/crops/val/corrosion/val__955__obj001__corrosion.png,val,corrosion,955.jpg,955,955.xml,955,955.jpg,955,1,1,1,0,1,0,0,455,5,730,1016,455,5,730,1016,275,1011,278025,275,1011,278025,1,1,corrosion,0.998818039894104,1
val__962__obj001__corrosion.png,/Users/princebhanusteta/Documents/Projects/MajorProject_ML/WTDAnalysis/dataProcessed/crops/val/corrosion/val__962__obj001__corrosion.png,val,corrosion,962.jpg,962,962.xml,962,566.jpg,566,1,1,1,1,1,0,0,378,6,619,889,378,6,619,889,241,883,212803,241,883,212803,1,1,corrosion,0.9823230504989624,1
val__978__obj001__corrosion.png,/Users/princebhanusteta/Documents/Projects/MajorProject_ML/WTDAnalysis/dataProcessed/crops/val/corrosion/val__978__obj001__corrosion.png,val,corrosion,978.jpg,978,978.xml,978,599.jpg,599,1,1,1,1,1,0,0,1,275,853,710,1,275,853,710,852,435,370620,852,435,370620,1,1,corrosion,0.9568981528282166,1
val__1062__obj001__crack.png,/Users/princebhanusteta/Documents/Projects/MajorProject_ML/WTDAnalysis/dataProcessed/crops/val/crack/val__1062__obj001__crack.png,val,crack,1062.jpg,1062,1062.xml,1062,94.jpg,94,1,2,1,1,1,0,0,273,394,319,594,273,394,319,594,46,200,9200,46,200,9200,4,4,crack,0.9962616562843323,1
val__1062__obj002__crack.png,/Users/princebhanusteta/Documents/Projects/MajorProject_ML/WTDAnalysis/dataProcessed/crops/val/crack/val__1062__obj002__crack.png,val,crack,1062.jpg,1062,1062.xml,1062,94.jpg,94,2,2,1,1,1,0,0,428,266,566,536,428,266,566,536,138,270,37260,138,270,37260,4,4,crack,0.9784928560256958,1
val__111__obj001__crack.png,/Users/princebhanusteta/Documents/Projects/MajorProject_ML/WTDAnalysis/dataProcessed/crops/val/crack/val__111__obj001__crack.png,val,crack,111.jpg,111,111.xml,111,111.jpg,111,1,1,1,0,1,0,0,416,263,586,402,416,263,586,402,170,139,23630,170,139,23630,4,4,crack,0.9828984141349792,1
val__143__obj001__crack.png,/Users/princebhanusteta/Documents/Projects/MajorProject_ML/WTDAnalysis/dataProcessed/crops/val/crack/val__143__obj001__crack.png,val,crack,143.jpg,143,143.xml,143,143.jpg,143,1,1,1,0,1,0,0,370,185,556,819,370,185,556,819,186,634,117924,186,634,117924,4,4,crack,0.9657050371170044,1
val__182__obj001__crack.png,/Users/princebhanusteta/Documents/Projects/MajorProject_ML/WTDAnalysis/dataProcessed/crops/val/crack/val__182__obj001__crack.png,val,crack,182.jpg,182,182.xml,182,182.jpg,182,1,1,1,0,1,0,0,391,17,512,731,391,17,512,731,121,714,86394,121,714,86394,4,4,crack,0.983657717704773,1
val__187__obj001__crack.png,/Users/princebhanusteta/Documents/Projects/MajorProject_ML/WTDAnalysis/dataProcessed/crops/val/crack/val__187__obj001__crack.png,val,crack,187.jpg,187,187.xml,187,187.jpg,187,1,2,1,0,1,0,0,119,186,305,311,119,186,305,311,186,125,23250,186,125,23250,4,4,crack,0.9943155646324158,1
val__187__obj002__crack.png,/Users/princebhanusteta/Documents/Projects/MajorProject_ML/WTDAnalysis/dataProcessed/crops/val/crack/val__187__obj002__crack.png,val,crack,187.jpg,187,187.xml,187,187.jpg,187,2,2,1,0,1,0,0,595,53,761,200,595,53,761,200,166,147,24402,166,147,24402,4,4,crack,0.41511452198028564,1
val__203__obj001__crack.png,/Users/princebhanusteta/Documents/Projects/MajorProject_ML/WTDAnalysis/dataProcessed/crops/val/crack/val__203__obj001__crack.png,val,crack,203.jpg,203,203.xml,203,203.jpg,203,1,2,1,0,1,0,0,284,66,433,200,284,66,433,200,149,134,19966,149,134,19966,4,0,craze,0.4961623251438141,0
val__203__obj002__crack.png,/Users/princebhanusteta/Documents/Projects/MajorProject_ML/WTDAnalysis/dataProcessed/crops/val/crack/val__203__obj002__crack.png,val,crack,203.jpg,203,203.xml,203,203.jpg,203,2,2,1,0,1,0,0,742,202,897,300,742,202,897,300,155,98,15190,155,98,15190,4,4,crack,0.9637513756752014,1
val__225__obj001__crack.png,/Users/princebhanusteta/Documents/Projects/MajorProject_ML/WTDAnalysis/dataProcessed/crops/val/crack/val__225__obj001__crack.png,val,crack,225.jpg,225,225.xml,225,225.jpg,225,1,1,1,0,1,0,0,372,1,497,364,372,1,497,364,125,363,45375,125,363,45375,4,5,hide_craze,0.8617587685585022,0
val__305__obj001__crack.png,/Users/princebhanusteta/Documents/Projects/MajorProject_ML/WTDAnalysis/dataProcessed/crops/val/crack/val__305__obj001__crack.png,val,crack,305.jpg,305,305.xml,305,305.jpg,305,1,2,1,0,1,0,0,275,389,323,591,275,389,323,591,48,202,9696,48,202,9696,4,4,crack,0.9715779423713684,1
val__305__obj002__crack.png,/Users/princebhanusteta/Documents/Projects/MajorProject_ML/WTDAnalysis/dataProcessed/crops/val/crack/val__305__obj002__crack.png,val,crack,305.jpg,305,305.xml,305,305.jpg,305,2,2,1,0,1,0,0,419,263,569,530,419,263,569,530,150,267,40050,150,267,40050,4,4,crack,0.9995557069778442,1
val__338__obj001__crack.png,/Users/princebhanusteta/Documents/Projects/MajorProject_ML/WTDAnalysis/dataProcessed/crops/val/crack/val__338__obj001__crack.png,val,crack,338.jpg,338,338.xml,338,338.jpg,338,1,1,1,0,1,0,0,481,219,819,400,481,219,819,400,338,181,61178,338,181,61178,4,4,crack,0.4430374503135681,1
val__348__obj001__crack.png,/Users/princebhanusteta/Documents/Projects/MajorProject_ML/WTDAnalysis/dataProcessed/crops/val/crack/val__348__obj001__crack.png,val,crack,348.jpg,348,348.xml,348,348.jpg,348,1,2,1,0,1,0,0,253,335,314,566,253,335,314,566,61,231,14091,61,231,14091,4,4,crack,0.9921774864196777,1
val__348__obj002__crack.png,/Users/princebhanusteta/Documents/Projects/MajorProject_ML/WTDAnalysis/dataProcessed/crops/val/crack/val__348__obj002__crack.png,val,crack,348.jpg,348,348.xml,348,348.jpg,348,2,2,1,0,1,0,0,445,194,623,491,445,194,623,491,178,297,52866,178,297,52866,4,4,crack,0.9998160004615784,1
val__433__obj001__crack.png,/Users/princebhanusteta/Documents/Projects/MajorProject_ML/WTDAnalysis/dataProcessed/crops/val/crack/val__433__obj001__crack.png,val,crack,433.jpg,433,433.xml,433,433.jpg,433,1,1,1,0,1,0,0,494,264,597,777,494,264,597,777,103,513,52839,103,513,52839,4,4,crack,0.9828020930290222,1
val__486__obj001__crack.png,/Users/princebhanusteta/Documents/Projects/MajorProject_ML/WTDAnalysis/dataProcessed/crops/val/crack/val__486__obj001__crack.png,val,crack,486.jpg,486,486.xml,486,486.jpg,486,1,1,1,0,1,0,0,294,28,641,486,294,28,641,486,347,458,158926,347,458,158926,4,2,surface_injure,0.6848297119140625,0
val__552__obj001__crack.png,/Users/princebhanusteta/Documents/Projects/MajorProject_ML/WTDAnalysis/dataProcessed/crops/val/crack/val__552__obj001__crack.png,val,crack,552.jpg,552,552.xml,552,552.jpg,552,1,1,1,0,1,0,0,325,1,809,786,325,1,809,786,484,785,379940,484,785,379940,4,4,crack,0.32580476999282837,1
val__562__obj001__crack.png,/Users/princebhanusteta/Documents/Projects/MajorProject_ML/WTDAnalysis/dataProcessed/crops/val/crack/val__562__obj001__crack.png,val,crack,562.jpg,562,562.xml,562,562.jpg,562,1,2,1,0,1,0,0,144,555,261,849,144,555,261,849,117,294,34398,117,294,34398,4,4,crack,0.9968551397323608,1
val__562__obj002__crack.png,/Users/princebhanusteta/Documents/Projects/MajorProject_ML/WTDAnalysis/dataProcessed/crops/val/crack/val__562__obj002__crack.png,val,crack,562.jpg,562,562.xml,562,562.jpg,562,2,2,1,0,1,0,0,453,366,697,781,453,366,697,781,244,415,101260,244,415,101260,4,4,crack,0.9975115656852722,1
val__567__obj001__crack.png,/Users/princebhanusteta/Documents/Projects/MajorProject_ML/WTDAnalysis/dataProcessed/crops/val/crack/val__567__obj001__crack.png,val,crack,567.jpg,567,567.xml,567,567.jpg,567,1,1,1,0,1,0,0,362,169,559,797,362,169,559,797,197,628,123716,197,628,123716,4,4,crack,0.9089419841766357,1
val__584__obj001__crack.png,/Users/princebhanusteta/Documents/Projects/MajorProject_ML/WTDAnalysis/dataProcessed/crops/val/crack/val__584__obj001__crack.png,val,crack,584.jpg,584,584.xml,584,584.jpg,584,1,1,1,0,1,0,0,28,149,334,835,28,149,334,835,306,686,209916,306,686,209916,4,2,surface_injure,0.5689436197280884,0
val__59__obj001__crack.png,/Users/princebhanusteta/Documents/Projects/MajorProject_ML/WTDAnalysis/dataProcessed/crops/val/crack/val__59__obj001__crack.png,val,crack,59.jpg,59,59.xml,59,59.jpg,59,1,1,1,0,1,0,0,767,380,903,614,767,380,903,614,136,234,31824,136,234,31824,4,4,crack,0.9609428644180298,1
val__602__obj001__crack.png,/Users/princebhanusteta/Documents/Projects/MajorProject_ML/WTDAnalysis/dataProcessed/crops/val/crack/val__602__obj001__crack.png,val,crack,602.jpg,602,602.xml,602,602.jpg,602,1,1,1,0,1,0,0,139,399,650,745,139,399,650,745,511,346,176806,511,346,176806,4,5,hide_craze,0.465224951505661,0
val__69__obj001__crack.png,/Users/princebhanusteta/Documents/Projects/MajorProject_ML/WTDAnalysis/dataProcessed/crops/val/crack/val__69__obj001__crack.png,val,crack,69.jpg,69,69.xml,69,69.jpg,69,1,2,1,0,1,0,0,278,78,445,263,278,78,445,263,167,185,30895,167,185,30895,4,0,craze,0.9380789399147034,0
val__69__obj002__crack.png,/Users/princebhanusteta/Documents/Projects/MajorProject_ML/WTDAnalysis/dataProcessed/crops/val/crack/val__69__obj002__crack.png,val,crack,69.jpg,69,69.xml,69,69.jpg,69,2,2,1,0,1,0,0,761,245,928,385,761,245,928,385,167,140,23380,167,140,23380,4,0,craze,0.993049681186676,0
val__70__obj001__crack.png,/Users/princebhanusteta/Documents/Projects/MajorProject_ML/WTDAnalysis/dataProcessed/crops/val/crack/val__70__obj001__crack.png,val,crack,70.jpg,70,70.xml,70,70.jpg,70,1,2,1,0,1,0,0,184,213,392,567,184,213,392,567,208,354,73632,208,354,73632,4,4,crack,0.7956076264381409,1
val__70__obj002__crack.png,/Users/princebhanusteta/Documents/Projects/MajorProject_ML/WTDAnalysis/dataProcessed/crops/val/crack/val__70__obj002__crack.png,val,crack,70.jpg,70,70.xml,70,70.jpg,70,2,2,1,0,1,0,0,545,16,659,466,545,16,659,466,114,450,51300,114,450,51300,4,4,crack,0.9978299736976624,1
val__738__obj001__crack.png,/Users/princebhanusteta/Documents/Projects/MajorProject_ML/WTDAnalysis/dataProcessed/crops/val/crack/val__738__obj001__crack.png,val,crack,738.jpg,738,738.xml,738,738.jpg,738,1,1,1,0,1,0,0,259,270,362,744,259,270,362,744,103,474,48822,103,474,48822,4,4,crack,0.9348925352096558,1
val__739__obj001__crack.png,/Users/princebhanusteta/Documents/Projects/MajorProject_ML/WTDAnalysis/dataProcessed/crops/val/crack/val__739__obj001__crack.png,val,crack,739.jpg,739,739.xml,739,739.jpg,739,1,2,1,0,1,0,0,103,211,284,367,103,211,284,367,181,156,28236,181,156,28236,4,2,surface_injure,0.8210689425468445,0
val__739__obj002__crack.png,/Users/princebhanusteta/Documents/Projects/MajorProject_ML/WTDAnalysis/dataProcessed/crops/val/crack/val__739__obj002__crack.png,val,crack,739.jpg,739,739.xml,739,739.jpg,739,2,2,1,0,1,0,0,584,63,753,228,584,63,753,228,169,165,27885,169,165,27885,4,4,crack,0.8279114365577698,1
val__780__obj001__crack.png,/Users/princebhanusteta/Documents/Projects/MajorProject_ML/WTDAnalysis/dataProcessed/crops/val/crack/val__780__obj001__crack.png,val,crack,780.jpg,780,780.xml,780,168.jpg,168,1,1,1,1,1,0,0,391,414,694,685,391,414,694,685,303,271,82113,303,271,82113,4,4,crack,0.9955539107322693,1
val__792__obj001__crack.png,/Users/princebhanusteta/Documents/Projects/MajorProject_ML/WTDAnalysis/dataProcessed/crops/val/crack/val__792__obj001__crack.png,val,crack,792.jpg,792,792.xml,792,187.jpg,187,1,2,1,1,1,0,0,119,186,305,311,119,186,305,311,186,125,23250,186,125,23250,4,4,crack,0.9887412190437317,1
val__792__obj002__crack.png,/Users/princebhanusteta/Documents/Projects/MajorProject_ML/WTDAnalysis/dataProcessed/crops/val/crack/val__792__obj002__crack.png,val,crack,792.jpg,792,792.xml,792,187.jpg,187,2,2,1,1,1,0,0,595,53,761,200,595,53,761,200,166,147,24402,166,147,24402,4,4,crack,0.7843883633613586,1
val__831__obj001__crack.png,/Users/princebhanusteta/Documents/Projects/MajorProject_ML/WTDAnalysis/dataProcessed/crops/val/crack/val__831__obj001__crack.png,val,crack,831.jpg,831,831.xml,831,263.jpg,263,1,2,1,1,1,0,0,112,200,295,305,112,200,295,305,183,105,19215,183,105,19215,4,4,crack,0.8325587511062622,1
val__831__obj002__crack.png,/Users/princebhanusteta/Documents/Projects/MajorProject_ML/WTDAnalysis/dataProcessed/crops/val/crack/val__831__obj002__crack.png,val,crack,831.jpg,831,831.xml,831,263.jpg,263,2,2,1,1,1,0,0,597,60,744,199,597,60,744,199,147,139,20433,147,139,20433,4,4,crack,0.9287958145141602,1
val__869__obj001__crack.png,/Users/princebhanusteta/Documents/Projects/MajorProject_ML/WTDAnalysis/dataProcessed/crops/val/crack/val__869__obj001__crack.png,val,crack,869.jpg,869,869.xml,869,348.jpg,348,1,2,1,1,1,0,0,253,335,314,566,253,335,314,566,61,231,14091,61,231,14091,4,4,crack,0.9897878170013428,1
val__869__obj002__crack.png,/Users/princebhanusteta/Documents/Projects/MajorProject_ML/WTDAnalysis/dataProcessed/crops/val/crack/val__869__obj002__crack.png,val,crack,869.jpg,869,869.xml,869,348.jpg,348,2,2,1,1,1,0,0,445,194,623,491,445,194,623,491,178,297,52866,178,297,52866,4,4,crack,0.9991395473480225,1
val__903__obj001__crack.png,/Users/princebhanusteta/Documents/Projects/MajorProject_ML/WTDAnalysis/dataProcessed/crops/val/crack/val__903__obj001__crack.png,val,crack,903.jpg,903,903.xml,903,418.jpg,418,1,1,1,1,1,0,0,775,483,883,542,775,483,883,542,108,59,6372,108,59,6372,4,4,crack,0.9865716695785522,1
val__911__obj001__crack.png,/Users/princebhanusteta/Documents/Projects/MajorProject_ML/WTDAnalysis/dataProcessed/crops/val/crack/val__911__obj001__crack.png,val,crack,911.jpg,911,911.xml,911,440.jpg,440,1,1,1,1,1,0,0,356,244,631,830,356,244,631,830,275,586,161150,275,586,161150,4,0,craze,0.8591059446334839,0
val__913__obj001__crack.png,/Users/princebhanusteta/Documents/Projects/MajorProject_ML/WTDAnalysis/dataProcessed/crops/val/crack/val__913__obj001__crack.png,val,crack,913.jpg,913,913.xml,913,447.jpg,447,1,2,1,1,1,0,0,498,188,734,494,498,188,734,494,236,306,72216,236,306,72216,4,5,hide_craze,0.9994330406188965,0
val__913__obj002__crack.png,/Users/princebhanusteta/Documents/Projects/MajorProject_ML/WTDAnalysis/dataProcessed/crops/val/crack/val__913__obj002__crack.png,val,crack,913.jpg,913,913.xml,913,447.jpg,447,2,2,1,1,1,0,0,908,331,980,560,908,331,980,560,72,229,16488,72,229,16488,4,4,crack,0.9385455846786499,1
val__953__obj001__crack.png,/Users/princebhanusteta/Documents/Projects/MajorProject_ML/WTDAnalysis/dataProcessed/crops/val/crack/val__953__obj001__crack.png,val,crack,953.jpg,953,953.xml,953,544.jpg,544,1,1,1,1,1,0,0,609,1,828,345,609,1,828,345,219,344,75336,219,344,75336,4,4,crack,0.8416348099708557,1
val__964__obj001__crack.png,/Users/princebhanusteta/Documents/Projects/MajorProject_ML/WTDAnalysis/dataProcessed/crops/val/crack/val__964__obj001__crack.png,val,crack,964.jpg,964,964.xml,964,570.jpg,570,1,1,1,1,1,0,0,414,230,602,494,414,230,602,494,188,264,49632,188,264,49632,4,4,crack,0.9975478649139404,1
val__1024__obj001__craze.png,/Users/princebhanusteta/Documents/Projects/MajorProject_ML/WTDAnalysis/dataProcessed/crops/val/craze/val__1024__obj001__craze.png,val,craze,1024.jpg,1024,1024.xml,1024,691.jpg,691,1,1,1,1,1,0,0,281,780,727,900,281,780,727,900,446,120,53520,446,120,53520,0,0,craze,0.8443402051925659,1
val__1036__obj001__craze.png,/Users/princebhanusteta/Documents/Projects/MajorProject_ML/WTDAnalysis/dataProcessed/crops/val/craze/val__1036__obj001__craze.png,val,craze,1036.jpg,1036,1036.xml,1036,710.jpg,710,1,1,1,1,1,0,0,120,439,917,870,120,439,917,870,797,431,343507,797,431,343507,0,0,craze,0.9535807371139526,1
val__117__obj001__craze.png,/Users/princebhanusteta/Documents/Projects/MajorProject_ML/WTDAnalysis/dataProcessed/crops/val/craze/val__117__obj001__craze.png,val,craze,117.jpg,117,117.xml,117,117.jpg,117,1,1,1,0,1,0,0,402,356,1023,1008,402,356,1023,1008,621,652,404892,621,652,404892,0,0,craze,0.6665485501289368,1
val__123__obj001__craze.png,/Users/princebhanusteta/Documents/Projects/MajorProject_ML/WTDAnalysis/dataProcessed/crops/val/craze/val__123__obj001__craze.png,val,craze,123.jpg,123,123.xml,123,123.jpg,123,1,3,1,0,1,0,0,459,20,561,208,459,20,561,208,102,188,19176,102,188,19176,0,0,craze,0.91902095079422,1
val__123__obj002__craze.png,/Users/princebhanusteta/Documents/Projects/MajorProject_ML/WTDAnalysis/dataProcessed/crops/val/craze/val__123__obj002__craze.png,val,craze,123.jpg,123,123.xml,123,123.jpg,123,2,3,1,0,1,0,0,481,222,595,581,481,222,595,581,114,359,40926,114,359,40926,0,0,craze,0.6949343681335449,1
val__123__obj003__craze.png,/Users/princebhanusteta/Documents/Projects/MajorProject_ML/WTDAnalysis/dataProcessed/crops/val/craze/val__123__obj003__craze.png,val,craze,123.jpg,123,123.xml,123,123.jpg,123,3,3,1,0,1,0,0,492,606,620,944,492,606,620,944,128,338,43264,128,338,43264,0,0,craze,0.9140774011611938,1
val__135__obj001__craze.png,/Users/princebhanusteta/Documents/Projects/MajorProject_ML/WTDAnalysis/dataProcessed/crops/val/craze/val__135__obj001__craze.png,val,craze,135.jpg,135,135.xml,135,135.jpg,135,1,3,1,0,1,0,0,9,10,220,197,9,10,220,197,211,187,39457,211,187,39457,0,0,craze,0.9843100905418396,1
val__135__obj002__craze.png,/Users/princebhanusteta/Documents/Projects/MajorProject_ML/WTDAnalysis/dataProcessed/crops/val/craze/val__135__obj002__craze.png,val,craze,135.jpg,135,135.xml,135,135.jpg,135,2,3,1,0,1,0,0,253,192,545,528,253,192,545,528,292,336,98112,292,336,98112,0,0,craze,0.4913751184940338,1
val__135__obj003__craze.png,/Users/princebhanusteta/Documents/Projects/MajorProject_ML/WTDAnalysis/dataProcessed/crops/val/craze/val__135__obj003__craze.png,val,craze,135.jpg,135,135.xml,135,135.jpg,135,3,3,1,0,1,0,0,580,463,987,861,580,463,987,861,407,398,161986,407,398,161986,0,0,craze,0.9784833192825317,1
val__169__obj001__craze.png,/Users/princebhanusteta/Documents/Projects/MajorProject_ML/WTDAnalysis/dataProcessed/crops/val/craze/val__169__obj001__craze.png,val,craze,169.jpg,169,169.xml,169,169.jpg,169,1,2,2,0,1,0,0,637,333,959,456,637,333,959,456,322,123,39606,322,123,39606,0,2,surface_injure,0.8794991970062256,0
val__21__obj001__craze.png,/Users/princebhanusteta/Documents/Projects/MajorProject_ML/WTDAnalysis/dataProcessed/crops/val/craze/val__21__obj001__craze.png,val,craze,21.jpg,21,21.xml,21,21.jpg,21,1,1,1,0,1,0,0,547,417,655,775,547,417,655,775,108,358,38664,108,358,38664,0,4,crack,0.5563768148422241,0
val__219__obj001__craze.png,/Users/princebhanusteta/Documents/Projects/MajorProject_ML/WTDAnalysis/dataProcessed/crops/val/craze/val__219__obj001__craze.png,val,craze,219.jpg,219,219.xml,219,219.jpg,219,1,3,1,0,1,0,0,5,242,117,438,5,242,117,438,112,196,21952,112,196,21952,0,0,craze,0.47559675574302673,1
val__219__obj002__craze.png,/Users/princebhanusteta/Documents/Projects/MajorProject_ML/WTDAnalysis/dataProcessed/crops/val/craze/val__219__obj002__craze.png,val,craze,219.jpg,219,219.xml,219,219.jpg,219,2,3,1,0,1,0,0,269,267,447,542,269,267,447,542,178,275,48950,178,275,48950,0,5,hide_craze,0.9852797389030457,0
val__219__obj003__craze.png,/Users/princebhanusteta/Documents/Projects/MajorProject_ML/WTDAnalysis/dataProcessed/crops/val/craze/val__219__obj003__craze.png,val,craze,219.jpg,219,219.xml,219,219.jpg,219,3,3,1,0,1,0,0,506,147,1014,877,506,147,1014,877,508,730,370840,508,730,370840,0,0,craze,0.9972126483917236,1
val__235__obj001__craze.png,/Users/princebhanusteta/Documents/Projects/MajorProject_ML/WTDAnalysis/dataProcessed/crops/val/craze/val__235__obj001__craze.png,val,craze,235.jpg,235,235.xml,235,235.jpg,235,1,1,1,0,1,0,0,191,183,673,591,191,183,673,591,482,408,196656,482,408,196656,0,0,craze,0.990030825138092,1
val__243__obj001__craze.png,/Users/princebhanusteta/Documents/Projects/MajorProject_ML/WTDAnalysis/dataProcessed/crops/val/craze/val__243__obj001__craze.png,val,craze,243.jpg,243,243.xml,243,243.jpg,243,1,1,1,0,1,0,0,542,402,653,780,542,402,653,780,111,378,41958,111,378,41958,0,4,crack,0.7887906432151794,0
val__253__obj001__craze.png,/Users/princebhanusteta/Documents/Projects/MajorProject_ML/WTDAnalysis/dataProcessed/crops/val/craze/val__253__obj001__craze.png,val,craze,253.jpg,253,253.xml,253,253.jpg,253,1,1,1,0,1,0,0,520,395,662,758,520,395,662,758,142,363,51546,142,363,51546,0,4,crack,0.9737169742584229,0
val__319__obj001__craze.png,/Users/princebhanusteta/Documents/Projects/MajorProject_ML/WTDAnalysis/dataProcessed/crops/val/craze/val__319__obj001__craze.png,val,craze,319.jpg,319,319.xml,319,319.jpg,319,1,3,1,0,1,0,0,12,6,255,192,12,6,255,192,243,186,45198,243,186,45198,0,0,craze,0.9789988994598389,1
val__319__obj002__craze.png,/Users/princebhanusteta/Documents/Projects/MajorProject_ML/WTDAnalysis/dataProcessed/crops/val/craze/val__319__obj002__craze.png,val,craze,319.jpg,319,319.xml,319,319.jpg,319,2,3,1,0,1,0,0,267,175,569,553,267,175,569,553,302,378,114156,302,378,114156,0,0,craze,0.9832398891448975,1
val__319__obj003__craze.png,/Users/princebhanusteta/Documents/Projects/MajorProject_ML/WTDAnalysis/dataProcessed/crops/val/craze/val__319__obj003__craze.png,val,craze,319.jpg,319,319.xml,319,319.jpg,319,3,3,1,0,1,0,0,598,481,992,872,598,481,992,872,394,391,154054,394,391,154054,0,0,craze,0.8726041913032532,1
val__347__obj001__craze.png,/Users/princebhanusteta/Documents/Projects/MajorProject_ML/WTDAnalysis/dataProcessed/crops/val/craze/val__347__obj001__craze.png,val,craze,347.jpg,347,347.xml,347,347.jpg,347,1,1,1,0,1,0,0,502,130,920,999,502,130,920,999,418,869,363242,418,869,363242,0,2,surface_injure,0.43027764558792114,0
val__382__obj001__craze.png,/Users/princebhanusteta/Documents/Projects/MajorProject_ML/WTDAnalysis/dataProcessed/crops/val/craze/val__382__obj001__craze.png,val,craze,382.jpg,382,382.xml,382,382.jpg,382,1,3,2,0,1,0,0,661,302,872,589,661,302,872,589,211,287,60557,211,287,60557,0,0,craze,0.999319314956665,1
val__685__obj001__craze.png,/Users/princebhanusteta/Documents/Projects/MajorProject_ML/WTDAnalysis/dataProcessed/crops/val/craze/val__685__obj001__craze.png,val,craze,685.jpg,685,685.xml,685,685.jpg,685,1,2,1,0,1,0,0,605,386,914,1024,605,386,914,1024,309,638,197142,309,638,197142,0,1,corrosion,0.7440169453620911,0
val__685__obj002__craze.png,/Users/princebhanusteta/Documents/Projects/MajorProject_ML/WTDAnalysis/dataProcessed/crops/val/craze/val__685__obj002__craze.png,val,craze,685.jpg,685,685.xml,685,685.jpg,685,2,2,1,0,1,0,0,727,3,948,360,727,3,948,360,221,357,78897,221,357,78897,0,3,thunderstrike,0.9040014743804932,0
val__730__obj001__craze.png,/Users/princebhanusteta/Documents/Projects/MajorProject_ML/WTDAnalysis/dataProcessed/crops/val/craze/val__730__obj001__craze.png,val,craze,730.jpg,730,730.xml,730,730.jpg,730,1,2,2,0,1,0,0,539,417,603,585,539,417,603,585,64,168,10752,64,168,10752,0,2,surface_injure,0.45833534002304077,0
val__736__obj001__craze.png,/Users/princebhanusteta/Documents/Projects/MajorProject_ML/WTDAnalysis/dataProcessed/crops/val/craze/val__736__obj001__craze.png,val,craze,736.jpg,736,736.xml,736,736.jpg,736,1,1,1,0,1,0,0,156,136,508,478,156,136,508,478,352,342,120384,352,342,120384,0,3,thunderstrike,0.4744752049446106,0
val__765__obj001__craze.png,/Users/princebhanusteta/Documents/Projects/MajorProject_ML/WTDAnalysis/dataProcessed/crops/val/craze/val__765__obj001__craze.png,val,craze,765.jpg,765,765.xml,765,765.jpg,765,1,1,1,0,1,0,0,162,308,569,636,162,308,569,636,407,328,133496,407,328,133496,0,0,craze,0.9913646578788757,1
val__779__obj001__craze.png,/Users/princebhanusteta/Documents/Projects/MajorProject_ML/WTDAnalysis/dataProcessed/crops/val/craze/val__779__obj001__craze.png,val,craze,779.jpg,779,779.xml,779,166.jpg,166,1,1,1,1,1,0,0,295,305,584,406,295,305,584,406,289,101,29189,289,101,29189,0,0,craze,0.7807222008705139,1
val__783__obj001__craze.png,/Users/princebhanusteta/Documents/Projects/MajorProject_ML/WTDAnalysis/dataProcessed/crops/val/craze/val__783__obj001__craze.png,val,craze,783.jpg,783,783.xml,783,172.jpg,172,1,2,1,1,1,0,0,294,260,731,545,294,260,731,545,437,285,124545,437,285,124545,0,0,craze,0.5544456243515015,1
val__783__obj002__craze.png,/Users/princebhanusteta/Documents/Projects/MajorProject_ML/WTDAnalysis/dataProcessed/crops/val/craze/val__783__obj002__craze.png,val,craze,783.jpg,783,783.xml,783,172.jpg,172,2,2,1,1,1,0,0,756,570,1006,778,756,570,1006,778,250,208,52000,250,208,52000,0,0,craze,0.9034730792045593,1
val__784__obj001__craze.png,/Users/princebhanusteta/Documents/Projects/MajorProject_ML/WTDAnalysis/dataProcessed/crops/val/craze/val__784__obj001__craze.png,val,craze,784.jpg,784,784.xml,784,173.jpg,173,1,1,1,1,1,0,0,94,635,1000,835,94,635,1000,835,906,200,181200,906,200,181200,0,0,craze,0.5487201809883118,1
val__787__obj001__craze.png,/Users/princebhanusteta/Documents/Projects/MajorProject_ML/WTDAnalysis/dataProcessed/crops/val/craze/val__787__obj001__craze.png,val,craze,787.jpg,787,787.xml,787,787.jpg,787,1,1,1,0,1,0,0,132,397,1014,734,132,397,1014,734,882,337,297234,882,337,297234,0,3,thunderstrike,0.53305584192276,0
val__797__obj001__craze.png,/Users/princebhanusteta/Documents/Projects/MajorProject_ML/WTDAnalysis/dataProcessed/crops/val/craze/val__797__obj001__craze.png,val,craze,797.jpg,797,797.xml,797,797.jpg,797,1,1,1,0,1,0,0,180,313,577,631,180,313,577,631,397,318,126246,397,318,126246,0,0,craze,0.9994828104972839,1
val__80__obj001__craze.png,/Users/princebhanusteta/Documents/Projects/MajorProject_ML/WTDAnalysis/dataProcessed/crops/val/craze/val__80__obj001__craze.png,val,craze,80.jpg,80,80.xml,80,80.jpg,80,1,3,1,0,1,0,0,317,322,469,469,317,322,469,469,152,147,22344,152,147,22344,0,1,corrosion,0.5966817140579224,0
val__80__obj002__craze.png,/Users/princebhanusteta/Documents/Projects/MajorProject_ML/WTDAnalysis/dataProcessed/crops/val/craze/val__80__obj002__craze.png,val,craze,80.jpg,80,80.xml,80,80.jpg,80,2,3,1,0,1,0,0,483,489,692,722,483,489,692,722,209,233,48697,209,233,48697,0,0,craze,0.8568926453590393,1
val__80__obj003__craze.png,/Users/princebhanusteta/Documents/Projects/MajorProject_ML/WTDAnalysis/dataProcessed/crops/val/craze/val__80__obj003__craze.png,val,craze,80.jpg,80,80.xml,80,80.jpg,80,3,3,1,0,1,0,0,703,731,933,999,703,731,933,999,230,268,61640,230,268,61640,0,0,craze,0.9794811606407166,1
val__803__obj001__craze.png,/Users/princebhanusteta/Documents/Projects/MajorProject_ML/WTDAnalysis/dataProcessed/crops/val/craze/val__803__obj001__craze.png,val,craze,803.jpg,803,803.xml,803,21.jpg,21,1,1,1,1,1,0,0,547,417,655,775,547,417,655,775,108,358,38664,108,358,38664,0,4,crack,0.5430641770362854,0
val__826__obj001__craze.png,/Users/princebhanusteta/Documents/Projects/MajorProject_ML/WTDAnalysis/dataProcessed/crops/val/craze/val__826__obj001__craze.png,val,craze,826.jpg,826,826.xml,826,251.jpg,251,1,3,1,1,1,0,0,28,553,403,860,28,553,403,860,375,307,115125,375,307,115125,0,0,craze,0.9819933772087097,1
val__826__obj002__craze.png,/Users/princebhanusteta/Documents/Projects/MajorProject_ML/WTDAnalysis/dataProcessed/crops/val/craze/val__826__obj002__craze.png,val,craze,826.jpg,826,826.xml,826,251.jpg,251,2,3,1,1,1,0,0,417,177,784,627,417,177,784,627,367,450,165150,367,450,165150,0,0,craze,0.985236406326294,1
val__826__obj003__craze.png,/Users/princebhanusteta/Documents/Projects/MajorProject_ML/WTDAnalysis/dataProcessed/crops/val/craze/val__826__obj003__craze.png,val,craze,826.jpg,826,826.xml,826,251.jpg,251,3,3,1,1,1,0,0,780,10,1023,161,780,10,1023,161,243,151,36693,243,151,36693,0,0,craze,0.9673900008201599,1
val__861__obj001__craze.png,/Users/princebhanusteta/Documents/Projects/MajorProject_ML/WTDAnalysis/dataProcessed/crops/val/craze/val__861__obj001__craze.png,val,craze,861.jpg,861,861.xml,861,330.jpg,330,1,1,1,1,1,0,0,309,22,786,466,309,22,786,466,477,444,211788,477,444,211788,0,0,craze,0.9620972275733948,1
val__87__obj001__craze.png,/Users/princebhanusteta/Documents/Projects/MajorProject_ML/WTDAnalysis/dataProcessed/crops/val/craze/val__87__obj001__craze.png,val,craze,87.jpg,87,87.xml,87,87.jpg,87,1,1,1,0,1,0,0,133,106,961,710,133,106,961,710,828,604,500112,828,604,500112,0,2,surface_injure,0.8735200762748718,0
val__981__obj001__craze.png,/Users/princebhanusteta/Documents/Projects/MajorProject_ML/WTDAnalysis/dataProcessed/crops/val/craze/val__981__obj001__craze.png,val,craze,981.jpg,981,981.xml,981,609.jpg,609,1,2,2,1,1,0,0,208,330,609,456,208,330,609,456,401,126,50526,401,126,50526,0,0,craze,0.9358351230621338,1
val__1000__obj001__hide_craze.png,/Users/princebhanusteta/Documents/Projects/MajorProject_ML/WTDAnalysis/dataProcessed/crops/val/hide_craze/val__1000__obj001__hide_craze.png,val,hide_craze,1000.jpg,1000,1000.xml,1000,642.jpg,642,1,2,2,1,1,0,0,450,685,870,899,450,685,870,899,420,214,89880,420,214,89880,5,3,thunderstrike,0.3114863634109497,0
val__1026__obj001__hide_craze.png,/Users/princebhanusteta/Documents/Projects/MajorProject_ML/WTDAnalysis/dataProcessed/crops/val/hide_craze/val__1026__obj001__hide_craze.png,val,hide_craze,1026.jpg,1026,1026.xml,1026,696.jpg,696,1,2,1,1,1,0,0,148,367,567,597,148,367,567,597,419,230,96370,419,230,96370,5,5,hide_craze,0.7440598011016846,1
val__1026__obj002__hide_craze.png,/Users/princebhanusteta/Documents/Projects/MajorProject_ML/WTDAnalysis/dataProcessed/crops/val/hide_craze/val__1026__obj002__hide_craze.png,val,hide_craze,1026.jpg,1026,1026.xml,1026,696.jpg,696,2,2,1,1,1,0,0,583,545,998,670,583,545,998,670,415,125,51875,415,125,51875,5,5,hide_craze,0.5542016625404358,1
val__1059__obj001__hide_craze.png,/Users/princebhanusteta/Documents/Projects/MajorProject_ML/WTDAnalysis/dataProcessed/crops/val/hide_craze/val__1059__obj001__hide_craze.png,val,hide_craze,1059.jpg,1059,1059.xml,1059,9.jpg,9,1,1,1,1,1,0,0,612,714,812,953,612,714,812,953,200,239,47800,200,239,47800,5,5,hide_craze,0.9974349737167358,1
val__114__obj001__hide_craze.png,/Users/princebhanusteta/Documents/Projects/MajorProject_ML/WTDAnalysis/dataProcessed/crops/val/hide_craze/val__114__obj001__hide_craze.png,val,hide_craze,114.jpg,114,114.xml,114,114.jpg,114,1,2,1,0,1,0,0,639,625,691,985,639,625,691,985,52,360,18720,52,360,18720,5,5,hide_craze,0.7864397764205933,1
val__114__obj002__hide_craze.png,/Users/princebhanusteta/Documents/Projects/MajorProject_ML/WTDAnalysis/dataProcessed/crops/val/hide_craze/val__114__obj002__hide_craze.png,val,hide_craze,114.jpg,114,114.xml,114,114.jpg,114,2,2,1,0,1,0,0,689,10,773,606,689,10,773,606,84,596,50064,84,596,50064,5,5,hide_craze,0.9655646681785583,1
val__254__obj001__hide_craze.png,/Users/princebhanusteta/Documents/Projects/MajorProject_ML/WTDAnalysis/dataProcessed/crops/val/hide_craze/val__254__obj001__hide_craze.png,val,hide_craze,254.jpg,254,254.xml,254,254.jpg,254,1,1,1,0,1,0,0,330,424,594,480,330,424,594,480,264,56,14784,264,56,14784,5,5,hide_craze,0.9181070923805237,1
val__300__obj001__hide_craze.png,/Users/princebhanusteta/Documents/Projects/MajorProject_ML/WTDAnalysis/dataProcessed/crops/val/hide_craze/val__300__obj001__hide_craze.png,val,hide_craze,300.jpg,300,300.xml,300,300.jpg,300,1,1,1,0,1,0,0,589,20,678,1016,589,20,678,1016,89,996,88644,89,996,88644,5,5,hide_craze,0.8898831605911255,1
val__362__obj001__hide_craze.png,/Users/princebhanusteta/Documents/Projects/MajorProject_ML/WTDAnalysis/dataProcessed/crops/val/hide_craze/val__362__obj001__hide_craze.png,val,hide_craze,362.jpg,362,362.xml,362,362.jpg,362,1,1,1,0,1,0,0,578,1,816,283,578,1,816,283,238,282,67116,238,282,67116,5,5,hide_craze,0.7200995087623596,1
val__382__obj002__hide_craze.png,/Users/princebhanusteta/Documents/Projects/MajorProject_ML/WTDAnalysis/dataProcessed/crops/val/hide_craze/val__382__obj002__hide_craze.png,val,hide_craze,382.jpg,382,382.xml,382,382.jpg,382,2,3,2,0,1,0,0,255,205,297,386,255,205,297,386,42,181,7602,42,181,7602,5,5,hide_craze,0.7821820974349976,1
val__382__obj003__hide_craze.png,/Users/princebhanusteta/Documents/Projects/MajorProject_ML/WTDAnalysis/dataProcessed/crops/val/hide_craze/val__382__obj003__hide_craze.png,val,hide_craze,382.jpg,382,382.xml,382,382.jpg,382,3,3,2,0,1,0,0,272,395,647,527,272,395,647,527,375,132,49500,375,132,49500,5,5,hide_craze,0.9982879757881165,1
val__420__obj001__hide_craze.png,/Users/princebhanusteta/Documents/Projects/MajorProject_ML/WTDAnalysis/dataProcessed/crops/val/hide_craze/val__420__obj001__hide_craze.png,val,hide_craze,420.jpg,420,420.xml,420,420.jpg,420,1,1,1,0,1,0,0,756,685,791,839,756,685,791,839,35,154,5390,35,154,5390,5,1,corrosion,0.8444525003433228,0
val__448__obj001__hide_craze.png,/Users/princebhanusteta/Documents/Projects/MajorProject_ML/WTDAnalysis/dataProcessed/crops/val/hide_craze/val__448__obj001__hide_craze.png,val,hide_craze,448.jpg,448,448.xml,448,448.jpg,448,1,1,1,0,1,0,0,605,702,642,842,605,702,642,842,37,140,5180,37,140,5180,5,2,surface_injure,0.6677748560905457,0
val__453__obj001__hide_craze.png,/Users/princebhanusteta/Documents/Projects/MajorProject_ML/WTDAnalysis/dataProcessed/crops/val/hide_craze/val__453__obj001__hide_craze.png,val,hide_craze,453.jpg,453,453.xml,453,453.jpg,453,1,1,1,0,1,0,0,497,91,627,367,497,91,627,367,130,276,35880,130,276,35880,5,3,thunderstrike,0.3432087302207947,0
val__497__obj001__hide_craze.png,/Users/princebhanusteta/Documents/Projects/MajorProject_ML/WTDAnalysis/dataProcessed/crops/val/hide_craze/val__497__obj001__hide_craze.png,val,hide_craze,497.jpg,497,497.xml,497,497.jpg,497,1,1,1,0,1,0,0,209,736,431,991,209,736,431,991,222,255,56610,222,255,56610,5,5,hide_craze,0.9999839067459106,1
val__519__obj001__hide_craze.png,/Users/princebhanusteta/Documents/Projects/MajorProject_ML/WTDAnalysis/dataProcessed/crops/val/hide_craze/val__519__obj001__hide_craze.png,val,hide_craze,519.jpg,519,519.xml,519,519.jpg,519,1,1,1,0,1,0,0,359,161,405,863,359,161,405,863,46,702,32292,46,702,32292,5,5,hide_craze,0.8550068736076355,1
val__526__obj001__hide_craze.png,/Users/princebhanusteta/Documents/Projects/MajorProject_ML/WTDAnalysis/dataProcessed/crops/val/hide_craze/val__526__obj001__hide_craze.png,val,hide_craze,526.jpg,526,526.xml,526,526.jpg,526,1,1,1,0,1,0,0,333,505,700,855,333,505,700,855,367,350,128450,367,350,128450,5,5,hide_craze,0.5381328463554382,1
val__55__obj001__hide_craze.png,/Users/princebhanusteta/Documents/Projects/MajorProject_ML/WTDAnalysis/dataProcessed/crops/val/hide_craze/val__55__obj001__hide_craze.png,val,hide_craze,55.jpg,55,55.xml,55,55.jpg,55,1,1,1,0,1,0,0,477,705,941,939,477,705,941,939,464,234,108576,464,234,108576,5,5,hide_craze,0.746803343296051,1
val__60__obj001__hide_craze.png,/Users/princebhanusteta/Documents/Projects/MajorProject_ML/WTDAnalysis/dataProcessed/crops/val/hide_craze/val__60__obj001__hide_craze.png,val,hide_craze,60.jpg,60,60.xml,60,60.jpg,60,1,2,2,0,1,0,0,783,1,809,264,783,1,809,264,26,263,6838,26,263,6838,5,5,hide_craze,0.7538445591926575,1
val__613__obj001__hide_craze.png,/Users/princebhanusteta/Documents/Projects/MajorProject_ML/WTDAnalysis/dataProcessed/crops/val/hide_craze/val__613__obj001__hide_craze.png,val,hide_craze,613.jpg,613,613.xml,613,613.jpg,613,1,1,1,0,1,0,0,139,106,892,964,139,106,892,964,753,858,646074,753,858,646074,5,5,hide_craze,0.6951851844787598,1
val__62__obj001__hide_craze.png,/Users/princebhanusteta/Documents/Projects/MajorProject_ML/WTDAnalysis/dataProcessed/crops/val/hide_craze/val__62__obj001__hide_craze.png,val,hide_craze,62.jpg,62,62.xml,62,62.jpg,62,1,2,2,0,1,0,0,814,494,841,589,814,494,841,589,27,95,2565,27,95,2565,5,5,hide_craze,0.8128418922424316,1
val__621__obj001__hide_craze.png,/Users/princebhanusteta/Documents/Projects/MajorProject_ML/WTDAnalysis/dataProcessed/crops/val/hide_craze/val__621__obj001__hide_craze.png,val,hide_craze,621.jpg,621,621.xml,621,621.jpg,621,1,3,2,0,1,0,0,186,381,778,986,186,381,778,986,592,605,358160,592,605,358160,5,5,hide_craze,0.987091064453125,1
val__654__obj001__hide_craze.png,/Users/princebhanusteta/Documents/Projects/MajorProject_ML/WTDAnalysis/dataProcessed/crops/val/hide_craze/val__654__obj001__hide_craze.png,val,hide_craze,654.jpg,654,654.xml,654,654.jpg,654,1,1,1,0,1,0,0,620,594,717,638,620,594,717,638,97,44,4268,97,44,4268,5,5,hide_craze,0.927192211151123,1
val__665__obj001__hide_craze.png,/Users/princebhanusteta/Documents/Projects/MajorProject_ML/WTDAnalysis/dataProcessed/crops/val/hide_craze/val__665__obj001__hide_craze.png,val,hide_craze,665.jpg,665,665.xml,665,665.jpg,665,1,1,1,0,1,0,0,602,535,673,603,602,535,673,603,71,68,4828,71,68,4828,5,5,hide_craze,0.9179614186286926,1
val__675__obj001__hide_craze.png,/Users/princebhanusteta/Documents/Projects/MajorProject_ML/WTDAnalysis/dataProcessed/crops/val/hide_craze/val__675__obj001__hide_craze.png,val,hide_craze,675.jpg,675,675.xml,675,675.jpg,675,1,1,1,0,1,0,0,358,447,697,844,358,447,697,844,339,397,134583,339,397,134583,5,2,surface_injure,0.7868441343307495,0
val__698__obj001__hide_craze.png,/Users/princebhanusteta/Documents/Projects/MajorProject_ML/WTDAnalysis/dataProcessed/crops/val/hide_craze/val__698__obj001__hide_craze.png,val,hide_craze,698.jpg,698,698.xml,698,698.jpg,698,1,1,1,0,1,0,0,56,158,681,806,56,158,681,806,625,648,405000,625,648,405000,5,5,hide_craze,0.8434640169143677,1
val__7__obj001__hide_craze.png,/Users/princebhanusteta/Documents/Projects/MajorProject_ML/WTDAnalysis/dataProcessed/crops/val/hide_craze/val__7__obj001__hide_craze.png,val,hide_craze,7.jpg,7,7.xml,7,7.jpg,7,1,1,1,0,1,0,0,520,267,553,510,520,267,553,510,33,243,8019,33,243,8019,5,5,hide_craze,0.5660613179206848,1
val__706__obj001__hide_craze.png,/Users/princebhanusteta/Documents/Projects/MajorProject_ML/WTDAnalysis/dataProcessed/crops/val/hide_craze/val__706__obj001__hide_craze.png,val,hide_craze,706.jpg,706,706.xml,706,706.jpg,706,1,1,1,0,1,0,0,142,303,683,625,142,303,683,625,541,322,174202,541,322,174202,5,5,hide_craze,0.9899234771728516,1
val__730__obj002__hide_craze.png,/Users/princebhanusteta/Documents/Projects/MajorProject_ML/WTDAnalysis/dataProcessed/crops/val/hide_craze/val__730__obj002__hide_craze.png,val,hide_craze,730.jpg,730,730.xml,730,730.jpg,730,2,2,2,0,1,0,0,541,63,566,300,541,63,566,300,25,237,5925,25,237,5925,5,5,hide_craze,0.8031999468803406,1
val__768__obj001__hide_craze.png,/Users/princebhanusteta/Documents/Projects/MajorProject_ML/WTDAnalysis/dataProcessed/crops/val/hide_craze/val__768__obj001__hide_craze.png,val,hide_craze,768.jpg,768,768.xml,768,146.jpg,146,1,1,1,1,1,0,0,306,266,512,750,306,266,512,750,206,484,99704,206,484,99704,5,5,hide_craze,0.9244077205657959,1
val__918__obj001__hide_craze.png,/Users/princebhanusteta/Documents/Projects/MajorProject_ML/WTDAnalysis/dataProcessed/crops/val/hide_craze/val__918__obj001__hide_craze.png,val,hide_craze,918.jpg,918,918.xml,918,457.jpg,457,1,3,1,1,1,0,0,430,194,483,350,430,194,483,350,53,156,8268,53,156,8268,5,4,crack,0.6072889566421509,0
val__918__obj002__hide_craze.png,/Users/princebhanusteta/Documents/Projects/MajorProject_ML/WTDAnalysis/dataProcessed/crops/val/hide_craze/val__918__obj002__hide_craze.png,val,hide_craze,918.jpg,918,918.xml,918,457.jpg,457,2,3,1,1,1,0,0,453,467,486,536,453,467,486,536,33,69,2277,33,69,2277,5,3,thunderstrike,0.496809184551239,0
val__918__obj003__hide_craze.png,/Users/princebhanusteta/Documents/Projects/MajorProject_ML/WTDAnalysis/dataProcessed/crops/val/hide_craze/val__918__obj003__hide_craze.png,val,hide_craze,918.jpg,918,918.xml,918,457.jpg,457,3,3,1,1,1,0,0,466,641,525,756,466,641,525,756,59,115,6785,59,115,6785,5,3,thunderstrike,0.45196494460105896,0
val__985__obj001__hide_craze.png,/Users/princebhanusteta/Documents/Projects/MajorProject_ML/WTDAnalysis/dataProcessed/crops/val/hide_craze/val__985__obj001__hide_craze.png,val,hide_craze,985.jpg,985,985.xml,985,618.jpg,618,1,1,1,1,1,0,0,387,260,839,861,387,260,839,861,452,601,271652,452,601,271652,5,5,hide_craze,0.9683980941772461,1
val__99__obj001__hide_craze.png,/Users/princebhanusteta/Documents/Projects/MajorProject_ML/WTDAnalysis/dataProcessed/crops/val/hide_craze/val__99__obj001__hide_craze.png,val,hide_craze,99.jpg,99,99.xml,99,99.jpg,99,1,1,1,0,1,0,0,394,513,920,555,394,513,920,555,526,42,22092,526,42,22092,5,5,hide_craze,0.9215213656425476,1
val__991__obj001__hide_craze.png,/Users/princebhanusteta/Documents/Projects/MajorProject_ML/WTDAnalysis/dataProcessed/crops/val/hide_craze/val__991__obj001__hide_craze.png,val,hide_craze,991.jpg,991,991.xml,991,628.jpg,628,1,2,1,1,1,0,0,155,280,317,314,155,280,317,314,162,34,5508,162,34,5508,5,5,hide_craze,0.8087015151977539,1
val__991__obj002__hide_craze.png,/Users/princebhanusteta/Documents/Projects/MajorProject_ML/WTDAnalysis/dataProcessed/crops/val/hide_craze/val__991__obj002__hide_craze.png,val,hide_craze,991.jpg,991,991.xml,991,628.jpg,628,2,2,1,1,1,0,0,173,805,619,874,173,805,619,874,446,69,30774,446,69,30774,5,5,hide_craze,0.9727261662483215,1
val__1000__obj002__surface_injure.png,/Users/princebhanusteta/Documents/Projects/MajorProject_ML/WTDAnalysis/dataProcessed/crops/val/surface_injure/val__1000__obj002__surface_injure.png,val,surface_injure,1000.jpg,1000,1000.xml,1000,642.jpg,642,2,2,2,1,1,0,0,781,1,839,136,781,1,839,136,58,135,7830,58,135,7830,2,2,surface_injure,0.5130640268325806,1
val__1015__obj001__surface_injure.png,/Users/princebhanusteta/Documents/Projects/MajorProject_ML/WTDAnalysis/dataProcessed/crops/val/surface_injure/val__1015__obj001__surface_injure.png,val,surface_injure,1015.jpg,1015,1015.xml,1015,679.jpg,679,1,1,1,1,1,0,0,166,219,855,677,166,219,855,677,689,458,315562,689,458,315562,2,2,surface_injure,0.7100538611412048,1
val__108__obj001__surface_injure.png,/Users/princebhanusteta/Documents/Projects/MajorProject_ML/WTDAnalysis/dataProcessed/crops/val/surface_injure/val__108__obj001__surface_injure.png,val,surface_injure,108.jpg,108,108.xml,108,108.jpg,108,1,3,2,0,1,0,0,342,10,534,935,342,10,534,935,192,925,177600,192,925,177600,2,1,corrosion,0.45888271927833557,0
val__108__obj002__surface_injure.png,/Users/princebhanusteta/Documents/Projects/MajorProject_ML/WTDAnalysis/dataProcessed/crops/val/surface_injure/val__108__obj002__surface_injure.png,val,surface_injure,108.jpg,108,108.xml,108,108.jpg,108,2,3,2,0,1,0,0,928,2,1014,781,928,2,1014,781,86,779,66994,86,779,66994,2,5,hide_craze,0.5967978239059448,0
val__11__obj001__surface_injure.png,/Users/princebhanusteta/Documents/Projects/MajorProject_ML/WTDAnalysis/dataProcessed/crops/val/surface_injure/val__11__obj001__surface_injure.png,val,surface_injure,11.jpg,11,11.xml,11,11.jpg,11,1,1,1,0,1,0,0,741,106,825,177,741,106,825,177,84,71,5964,84,71,5964,2,2,surface_injure,0.9960846304893494,1
val__128__obj001__surface_injure.png,/Users/princebhanusteta/Documents/Projects/MajorProject_ML/WTDAnalysis/dataProcessed/crops/val/surface_injure/val__128__obj001__surface_injure.png,val,surface_injure,128.jpg,128,128.xml,128,128.jpg,128,1,1,1,0,1,0,0,427,780,534,836,427,780,534,836,107,56,5992,107,56,5992,2,3,thunderstrike,0.6488915681838989,0
val__131__obj001__surface_injure.png,/Users/princebhanusteta/Documents/Projects/MajorProject_ML/WTDAnalysis/dataProcessed/crops/val/surface_injure/val__131__obj001__surface_injure.png,val,surface_injure,131.jpg,131,131.xml,131,131.jpg,131,1,1,1,0,1,0,0,391,650,520,830,391,650,520,830,129,180,23220,129,180,23220,2,2,surface_injure,0.9691758155822754,1
val__169__obj002__surface_injure.png,/Users/princebhanusteta/Documents/Projects/MajorProject_ML/WTDAnalysis/dataProcessed/crops/val/surface_injure/val__169__obj002__surface_injure.png,val,surface_injure,169.jpg,169,169.xml,169,169.jpg,169,2,2,2,0,1,0,0,462,308,592,374,462,308,592,374,130,66,8580,130,66,8580,2,2,surface_injure,0.9986610412597656,1
val__19__obj001__surface_injure.png,/Users/princebhanusteta/Documents/Projects/MajorProject_ML/WTDAnalysis/dataProcessed/crops/val/surface_injure/val__19__obj001__surface_injure.png,val,surface_injure,19.jpg,19,19.xml,19,19.jpg,19,1,2,1,0,1,0,0,205,663,894,999,205,663,894,999,689,336,231504,689,336,231504,2,2,surface_injure,0.43376976251602173,1
val__19__obj002__surface_injure.png,/Users/princebhanusteta/Documents/Projects/MajorProject_ML/WTDAnalysis/dataProcessed/crops/val/surface_injure/val__19__obj002__surface_injure.png,val,surface_injure,19.jpg,19,19.xml,19,19.jpg,19,2,2,1,0,1,0,0,311,122,369,208,311,122,369,208,58,86,4988,58,86,4988,2,0,craze,0.9670531153678894,0
val__245__obj001__surface_injure.png,/Users/princebhanusteta/Documents/Projects/MajorProject_ML/WTDAnalysis/dataProcessed/crops/val/surface_injure/val__245__obj001__surface_injure.png,val,surface_injure,245.jpg,245,245.xml,245,245.jpg,245,1,2,1,0,1,0,0,12,431,222,739,12,431,222,739,210,308,64680,210,308,64680,2,2,surface_injure,0.8656646609306335,1
val__245__obj002__surface_injure.png,/Users/princebhanusteta/Documents/Projects/MajorProject_ML/WTDAnalysis/dataProcessed/crops/val/surface_injure/val__245__obj002__surface_injure.png,val,surface_injure,245.jpg,245,245.xml,245,245.jpg,245,2,2,1,0,1,0,0,248,342,598,550,248,342,598,550,350,208,72800,350,208,72800,2,2,surface_injure,0.9904442429542542,1
val__246__obj001__surface_injure.png,/Users/princebhanusteta/Documents/Projects/MajorProject_ML/WTDAnalysis/dataProcessed/crops/val/surface_injure/val__246__obj001__surface_injure.png,val,surface_injure,246.jpg,246,246.xml,246,246.jpg,246,1,1,1,0,1,0,0,587,772,662,833,587,772,662,833,75,61,4575,75,61,4575,2,2,surface_injure,0.9995492696762085,1
val__314__obj001__surface_injure.png,/Users/princebhanusteta/Documents/Projects/MajorProject_ML/WTDAnalysis/dataProcessed/crops/val/surface_injure/val__314__obj001__surface_injure.png,val,surface_injure,314.jpg,314,314.xml,314,314.jpg,314,1,2,1,0,1,0,0,523,699,627,972,523,699,627,972,104,273,28392,104,273,28392,2,2,surface_injure,0.8671983480453491,1
val__314__obj002__surface_injure.png,/Users/princebhanusteta/Documents/Projects/MajorProject_ML/WTDAnalysis/dataProcessed/crops/val/surface_injure/val__314__obj002__surface_injure.png,val,surface_injure,314.jpg,314,314.xml,314,314.jpg,314,2,2,1,0,1,0,0,609,594,655,667,609,594,655,667,46,73,3358,46,73,3358,2,2,surface_injure,0.9230775833129883,1
val__331__obj001__surface_injure.png,/Users/princebhanusteta/Documents/Projects/MajorProject_ML/WTDAnalysis/dataProcessed/crops/val/surface_injure/val__331__obj001__surface_injure.png,val,surface_injure,331.jpg,331,331.xml,331,331.jpg,331,1,5,1,0,1,0,0,175,467,278,538,175,467,278,538,103,71,7313,103,71,7313,2,2,surface_injure,0.9946296215057373,1
val__331__obj002__surface_injure.png,/Users/princebhanusteta/Documents/Projects/MajorProject_ML/WTDAnalysis/dataProcessed/crops/val/surface_injure/val__331__obj002__surface_injure.png,val,surface_injure,331.jpg,331,331.xml,331,331.jpg,331,2,5,1,0,1,0,0,183,683,228,727,183,683,228,727,45,44,1980,45,44,1980,2,2,surface_injure,0.999563455581665,1
val__331__obj003__surface_injure.png,/Users/princebhanusteta/Documents/Projects/MajorProject_ML/WTDAnalysis/dataProcessed/crops/val/surface_injure/val__331__obj003__surface_injure.png,val,surface_injure,331.jpg,331,331.xml,331,331.jpg,331,3,5,1,0,1,0,0,406,588,464,666,406,588,464,666,58,78,4524,58,78,4524,2,2,surface_injure,0.9329991936683655,1
val__331__obj004__surface_injure.png,/Users/princebhanusteta/Documents/Projects/MajorProject_ML/WTDAnalysis/dataProcessed/crops/val/surface_injure/val__331__obj004__surface_injure.png,val,surface_injure,331.jpg,331,331.xml,331,331.jpg,331,4,5,1,0,1,0,0,586,508,722,705,586,508,722,705,136,197,26792,136,197,26792,2,2,surface_injure,0.9864317774772644,1
val__331__obj005__surface_injure.png,/Users/princebhanusteta/Documents/Projects/MajorProject_ML/WTDAnalysis/dataProcessed/crops/val/surface_injure/val__331__obj005__surface_injure.png,val,surface_injure,331.jpg,331,331.xml,331,331.jpg,331,5,5,1,0,1,0,0,848,616,1024,810,848,616,1024,810,176,194,34144,176,194,34144,2,2,surface_injure,0.9543486833572388,1
val__412__obj001__surface_injure.png,/Users/princebhanusteta/Documents/Projects/MajorProject_ML/WTDAnalysis/dataProcessed/crops/val/surface_injure/val__412__obj001__surface_injure.png,val,surface_injure,412.jpg,412,412.xml,412,412.jpg,412,1,2,1,0,1,0,0,30,145,552,355,30,145,552,355,522,210,109620,522,210,109620,2,0,craze,0.9949248433113098,0
val__412__obj002__surface_injure.png,/Users/princebhanusteta/Documents/Projects/MajorProject_ML/WTDAnalysis/dataProcessed/crops/val/surface_injure/val__412__obj002__surface_injure.png,val,surface_injure,412.jpg,412,412.xml,412,412.jpg,412,2,2,1,0,1,0,0,572,319,1005,636,572,319,1005,636,433,317,137261,433,317,137261,2,0,craze,0.765159010887146,0
val__416__obj001__surface_injure.png,/Users/princebhanusteta/Documents/Projects/MajorProject_ML/WTDAnalysis/dataProcessed/crops/val/surface_injure/val__416__obj001__surface_injure.png,val,surface_injure,416.jpg,416,416.xml,416,416.jpg,416,1,1,1,0,1,0,0,242,105,345,341,242,105,345,341,103,236,24308,103,236,24308,2,1,corrosion,0.9155765771865845,0
val__441__obj001__surface_injure.png,/Users/princebhanusteta/Documents/Projects/MajorProject_ML/WTDAnalysis/dataProcessed/crops/val/surface_injure/val__441__obj001__surface_injure.png,val,surface_injure,441.jpg,441,441.xml,441,441.jpg,441,1,1,1,0,1,0,0,105,260,317,336,105,260,317,336,212,76,16112,212,76,16112,2,1,corrosion,0.6873618364334106,0
val__445__obj001__surface_injure.png,/Users/princebhanusteta/Documents/Projects/MajorProject_ML/WTDAnalysis/dataProcessed/crops/val/surface_injure/val__445__obj001__surface_injure.png,val,surface_injure,445.jpg,445,445.xml,445,445.jpg,445,1,1,1,0,1,0,0,177,467,808,553,177,467,808,553,631,86,54266,631,86,54266,2,2,surface_injure,0.8438457250595093,1
val__462__obj001__surface_injure.png,/Users/princebhanusteta/Documents/Projects/MajorProject_ML/WTDAnalysis/dataProcessed/crops/val/surface_injure/val__462__obj001__surface_injure.png,val,surface_injure,462.jpg,462,462.xml,462,462.jpg,462,1,4,1,0,1,0,0,483,699,533,777,483,699,533,777,50,78,3900,50,78,3900,2,2,surface_injure,0.9927421808242798,1
val__462__obj002__surface_injure.png,/Users/princebhanusteta/Documents/Projects/MajorProject_ML/WTDAnalysis/dataProcessed/crops/val/surface_injure/val__462__obj002__surface_injure.png,val,surface_injure,462.jpg,462,462.xml,462,462.jpg,462,2,4,1,0,1,0,0,505,347,633,449,505,347,633,449,128,102,13056,128,102,13056,2,4,crack,0.861151933670044,0
val__462__obj003__surface_injure.png,/Users/princebhanusteta/Documents/Projects/MajorProject_ML/WTDAnalysis/dataProcessed/crops/val/surface_injure/val__462__obj003__surface_injure.png,val,surface_injure,462.jpg,462,462.xml,462,462.jpg,462,3,4,1,0,1,0,0,547,552,614,600,547,552,614,600,67,48,3216,67,48,3216,2,2,surface_injure,0.9869385361671448,1
val__462__obj004__surface_injure.png,/Users/princebhanusteta/Documents/Projects/MajorProject_ML/WTDAnalysis/dataProcessed/crops/val/surface_injure/val__462__obj004__surface_injure.png,val,surface_injure,462.jpg,462,462.xml,462,462.jpg,462,4,4,1,0,1,0,0,578,80,695,245,578,80,695,245,117,165,19305,117,165,19305,2,2,surface_injure,0.9999435544013977,1
val__478__obj001__surface_injure.png,/Users/princebhanusteta/Documents/Projects/MajorProject_ML/WTDAnalysis/dataProcessed/crops/val/surface_injure/val__478__obj001__surface_injure.png,val,surface_injure,478.jpg,478,478.xml,478,478.jpg,478,1,2,1,0,1,0,0,370,403,527,817,370,403,527,817,157,414,64998,157,414,64998,2,5,hide_craze,0.8501970171928406,0
val__478__obj002__surface_injure.png,/Users/princebhanusteta/Documents/Projects/MajorProject_ML/WTDAnalysis/dataProcessed/crops/val/surface_injure/val__478__obj002__surface_injure.png,val,surface_injure,478.jpg,478,478.xml,478,478.jpg,478,2,2,1,0,1,0,0,381,1,492,214,381,1,492,214,111,213,23643,111,213,23643,2,1,corrosion,0.7329927682876587,0
val__484__obj001__surface_injure.png,/Users/princebhanusteta/Documents/Projects/MajorProject_ML/WTDAnalysis/dataProcessed/crops/val/surface_injure/val__484__obj001__surface_injure.png,val,surface_injure,484.jpg,484,484.xml,484,484.jpg,484,1,3,1,0,1,0,0,155,244,291,324,155,244,291,324,136,80,10880,136,80,10880,2,2,surface_injure,0.9292782545089722,1
val__484__obj002__surface_injure.png,/Users/princebhanusteta/Documents/Projects/MajorProject_ML/WTDAnalysis/dataProcessed/crops/val/surface_injure/val__484__obj002__surface_injure.png,val,surface_injure,484.jpg,484,484.xml,484,484.jpg,484,2,3,1,0,1,0,0,478,377,575,467,478,377,575,467,97,90,8730,97,90,8730,2,2,surface_injure,0.9564459323883057,1
val__484__obj003__surface_injure.png,/Users/princebhanusteta/Documents/Projects/MajorProject_ML/WTDAnalysis/dataProcessed/crops/val/surface_injure/val__484__obj003__surface_injure.png,val,surface_injure,484.jpg,484,484.xml,484,484.jpg,484,3,3,1,0,1,0,0,784,283,967,516,784,283,967,516,183,233,42639,183,233,42639,2,2,surface_injure,0.6228780150413513,1
val__512__obj001__surface_injure.png,/Users/princebhanusteta/Documents/Projects/MajorProject_ML/WTDAnalysis/dataProcessed/crops/val/surface_injure/val__512__obj001__surface_injure.png,val,surface_injure,512.jpg,512,512.xml,512,512.jpg,512,1,2,1,0,1,0,0,461,530,541,580,461,530,541,580,80,50,4000,80,50,4000,2,2,surface_injure,0.8820805549621582,1
val__512__obj002__surface_injure.png,/Users/princebhanusteta/Documents/Projects/MajorProject_ML/WTDAnalysis/dataProcessed/crops/val/surface_injure/val__512__obj002__surface_injure.png,val,surface_injure,512.jpg,512,512.xml,512,512.jpg,512,2,2,1,0,1,0,0,819,555,934,691,819,555,934,691,115,136,15640,115,136,15640,2,2,surface_injure,0.9473719596862793,1
val__529__obj001__surface_injure.png,/Users/princebhanusteta/Documents/Projects/MajorProject_ML/WTDAnalysis/dataProcessed/crops/val/surface_injure/val__529__obj001__surface_injure.png,val,surface_injure,529.jpg,529,529.xml,529,529.jpg,529,1,1,1,0,1,0,0,280,513,584,722,280,513,584,722,304,209,63536,304,209,63536,2,2,surface_injure,0.9837324023246765,1
val__543__obj001__surface_injure.png,/Users/princebhanusteta/Documents/Projects/MajorProject_ML/WTDAnalysis/dataProcessed/crops/val/surface_injure/val__543__obj001__surface_injure.png,val,surface_injure,543.jpg,543,543.xml,543,543.jpg,543,1,5,2,0,1,0,0,192,99,728,324,192,99,728,324,536,225,120600,536,225,120600,2,1,corrosion,0.5247324705123901,0
val__543__obj002__surface_injure.png,/Users/princebhanusteta/Documents/Projects/MajorProject_ML/WTDAnalysis/dataProcessed/crops/val/surface_injure/val__543__obj002__surface_injure.png,val,surface_injure,543.jpg,543,543.xml,543,543.jpg,543,2,5,2,0,1,0,0,222,375,352,767,222,375,352,767,130,392,50960,130,392,50960,2,2,surface_injure,0.5491395592689514,1
val__543__obj003__surface_injure.png,/Users/princebhanusteta/Documents/Projects/MajorProject_ML/WTDAnalysis/dataProcessed/crops/val/surface_injure/val__543__obj003__surface_injure.png,val,surface_injure,543.jpg,543,543.xml,543,543.jpg,543,3,5,2,0,1,0,0,392,722,581,786,392,722,581,786,189,64,12096,189,64,12096,2,2,surface_injure,0.909267008304596,1
val__543__obj004__surface_injure.png,/Users/princebhanusteta/Documents/Projects/MajorProject_ML/WTDAnalysis/dataProcessed/crops/val/surface_injure/val__543__obj004__surface_injure.png,val,surface_injure,543.jpg,543,543.xml,543,543.jpg,543,4,5,2,0,1,0,0,667,352,741,670,667,352,741,670,74,318,23532,74,318,23532,2,2,surface_injure,0.3851544260978699,1
val__545__obj001__surface_injure.png,/Users/princebhanusteta/Documents/Projects/MajorProject_ML/WTDAnalysis/dataProcessed/crops/val/surface_injure/val__545__obj001__surface_injure.png,val,surface_injure,545.jpg,545,545.xml,545,545.jpg,545,1,1,1,0,1,0,0,367,686,662,931,367,686,662,931,295,245,72275,295,245,72275,2,2,surface_injure,0.9710067510604858,1
val__621__obj002__surface_injure.png,/Users/princebhanusteta/Documents/Projects/MajorProject_ML/WTDAnalysis/dataProcessed/crops/val/surface_injure/val__621__obj002__surface_injure.png,val,surface_injure,621.jpg,621,621.xml,621,621.jpg,621,2,3,2,0,1,0,0,725,64,902,213,725,64,902,213,177,149,26373,177,149,26373,2,2,surface_injure,0.6334065794944763,1
val__621__obj003__surface_injure.png,/Users/princebhanusteta/Documents/Projects/MajorProject_ML/WTDAnalysis/dataProcessed/crops/val/surface_injure/val__621__obj003__surface_injure.png,val,surface_injure,621.jpg,621,621.xml,621,621.jpg,621,3,3,2,0,1,0,0,770,238,914,375,770,238,914,375,144,137,19728,144,137,19728,2,1,corrosion,0.8491488099098206,0
val__646__obj001__surface_injure.png,/Users/princebhanusteta/Documents/Projects/MajorProject_ML/WTDAnalysis/dataProcessed/crops/val/surface_injure/val__646__obj001__surface_injure.png,val,surface_injure,646.jpg,646,646.xml,646,646.jpg,646,1,1,1,0,1,0,0,528,656,589,741,528,656,589,741,61,85,5185,61,85,5185,2,2,surface_injure,0.359848290681839,1
val__656__obj001__surface_injure.png,/Users/princebhanusteta/Documents/Projects/MajorProject_ML/WTDAnalysis/dataProcessed/crops/val/surface_injure/val__656__obj001__surface_injure.png,val,surface_injure,656.jpg,656,656.xml,656,656.jpg,656,1,1,1,0,1,0,0,764,741,822,836,764,741,822,836,58,95,5510,58,95,5510,2,2,surface_injure,0.9889541864395142,1
val__661__obj001__surface_injure.png,/Users/princebhanusteta/Documents/Projects/MajorProject_ML/WTDAnalysis/dataProcessed/crops/val/surface_injure/val__661__obj001__surface_injure.png,val,surface_injure,661.jpg,661,661.xml,661,661.jpg,661,1,1,1,0,1,0,0,366,330,494,410,366,330,494,410,128,80,10240,128,80,10240,2,2,surface_injure,0.9991961121559143,1
val__669__obj001__surface_injure.png,/Users/princebhanusteta/Documents/Projects/MajorProject_ML/WTDAnalysis/dataProcessed/crops/val/surface_injure/val__669__obj001__surface_injure.png,val,surface_injure,669.jpg,669,669.xml,669,669.jpg,669,1,2,1,0,1,0,0,386,5,555,250,386,5,555,250,169,245,41405,169,245,41405,2,2,surface_injure,0.5086968541145325,1
val__669__obj002__surface_injure.png,/Users/princebhanusteta/Documents/Projects/MajorProject_ML/WTDAnalysis/dataProcessed/crops/val/surface_injure/val__669__obj002__surface_injure.png,val,surface_injure,669.jpg,669,669.xml,669,669.jpg,669,2,2,1,0,1,0,0,422,749,473,845,422,749,473,845,51,96,4896,51,96,4896,2,1,corrosion,0.4243229627609253,0
val__674__obj001__surface_injure.png,/Users/princebhanusteta/Documents/Projects/MajorProject_ML/WTDAnalysis/dataProcessed/crops/val/surface_injure/val__674__obj001__surface_injure.png,val,surface_injure,674.jpg,674,674.xml,674,674.jpg,674,1,1,1,0,1,0,0,653,536,747,597,653,536,747,597,94,61,5734,94,61,5734,2,2,surface_injure,0.9105399250984192,1
val__687__obj001__surface_injure.png,/Users/princebhanusteta/Documents/Projects/MajorProject_ML/WTDAnalysis/dataProcessed/crops/val/surface_injure/val__687__obj001__surface_injure.png,val,surface_injure,687.jpg,687,687.xml,687,687.jpg,687,1,1,1,0,1,0,0,434,570,620,697,434,570,620,697,186,127,23622,186,127,23622,2,2,surface_injure,0.911368727684021,1
val__740__obj001__surface_injure.png,/Users/princebhanusteta/Documents/Projects/MajorProject_ML/WTDAnalysis/dataProcessed/crops/val/surface_injure/val__740__obj001__surface_injure.png,val,surface_injure,740.jpg,740,740.xml,740,740.jpg,740,1,1,1,0,1,0,0,545,325,952,491,545,325,952,491,407,166,67562,407,166,67562,2,3,thunderstrike,0.5249207019805908,0
val__745__obj001__surface_injure.png,/Users/princebhanusteta/Documents/Projects/MajorProject_ML/WTDAnalysis/dataProcessed/crops/val/surface_injure/val__745__obj001__surface_injure.png,val,surface_injure,745.jpg,745,745.xml,745,101.jpg,101,1,1,1,1,1,0,0,314,114,659,542,314,114,659,542,345,428,147660,345,428,147660,2,2,surface_injure,0.9855166673660278,1
val__747__obj001__surface_injure.png,/Users/princebhanusteta/Documents/Projects/MajorProject_ML/WTDAnalysis/dataProcessed/crops/val/surface_injure/val__747__obj001__surface_injure.png,val,surface_injure,747.jpg,747,747.xml,747,106.jpg,106,1,7,1,1,1,0,0,337,805,372,860,337,805,372,860,35,55,1925,35,55,1925,2,2,surface_injure,0.8298020958900452,1
val__747__obj002__surface_injure.png,/Users/princebhanusteta/Documents/Projects/MajorProject_ML/WTDAnalysis/dataProcessed/crops/val/surface_injure/val__747__obj002__surface_injure.png,val,surface_injure,747.jpg,747,747.xml,747,106.jpg,106,2,7,1,1,1,0,0,616,792,653,1002,616,792,653,1002,37,210,7770,37,210,7770,2,2,surface_injure,0.38327571749687195,1
val__747__obj003__surface_injure.png,/Users/princebhanusteta/Documents/Projects/MajorProject_ML/WTDAnalysis/dataProcessed/crops/val/surface_injure/val__747__obj003__surface_injure.png,val,surface_injure,747.jpg,747,747.xml,747,106.jpg,106,3,7,1,1,1,0,0,619,627,753,705,619,627,753,705,134,78,10452,134,78,10452,2,2,surface_injure,0.9464871287345886,1
val__747__obj004__surface_injure.png,/Users/princebhanusteta/Documents/Projects/MajorProject_ML/WTDAnalysis/dataProcessed/crops/val/surface_injure/val__747__obj004__surface_injure.png,val,surface_injure,747.jpg,747,747.xml,747,106.jpg,106,4,7,1,1,1,0,0,623,520,661,614,623,520,661,614,38,94,3572,38,94,3572,2,2,surface_injure,0.7362529635429382,1
val__747__obj005__surface_injure.png,/Users/princebhanusteta/Documents/Projects/MajorProject_ML/WTDAnalysis/dataProcessed/crops/val/surface_injure/val__747__obj005__surface_injure.png,val,surface_injure,747.jpg,747,747.xml,747,106.jpg,106,5,7,1,1,1,0,0,631,80,698,316,631,80,698,316,67,236,15812,67,236,15812,2,2,surface_injure,0.8816043734550476,1
val__747__obj006__surface_injure.png,/Users/princebhanusteta/Documents/Projects/MajorProject_ML/WTDAnalysis/dataProcessed/crops/val/surface_injure/val__747__obj006__surface_injure.png,val,surface_injure,747.jpg,747,747.xml,747,106.jpg,106,6,7,1,1,1,0,0,700,92,752,142,700,92,752,142,52,50,2600,52,50,2600,2,2,surface_injure,0.977270781993866,1
val__747__obj007__surface_injure.png,/Users/princebhanusteta/Documents/Projects/MajorProject_ML/WTDAnalysis/dataProcessed/crops/val/surface_injure/val__747__obj007__surface_injure.png,val,surface_injure,747.jpg,747,747.xml,747,106.jpg,106,7,7,1,1,1,0,0,789,11,831,49,789,11,831,49,42,38,1596,42,38,1596,2,2,surface_injure,0.8498477339744568,1
val__749__obj001__surface_injure.png,/Users/princebhanusteta/Documents/Projects/MajorProject_ML/WTDAnalysis/dataProcessed/crops/val/surface_injure/val__749__obj001__surface_injure.png,val,surface_injure,749.jpg,749,749.xml,749,11.jpg,11,1,1,1,1,1,0,0,741,106,825,177,741,106,825,177,84,71,5964,84,71,5964,2,2,surface_injure,0.9992812871932983,1
val__809__obj001__surface_injure.png,/Users/princebhanusteta/Documents/Projects/MajorProject_ML/WTDAnalysis/dataProcessed/crops/val/surface_injure/val__809__obj001__surface_injure.png,val,surface_injure,809.jpg,809,809.xml,809,809.jpg,809,1,1,1,0,1,0,0,40,144,888,674,40,144,888,674,848,530,449440,848,530,449440,2,2,surface_injure,0.9553118348121643,1
val__829__obj001__surface_injure.png,/Users/princebhanusteta/Documents/Projects/MajorProject_ML/WTDAnalysis/dataProcessed/crops/val/surface_injure/val__829__obj001__surface_injure.png,val,surface_injure,829.jpg,829,829.xml,829,259.jpg,259,1,1,1,1,1,0,0,695,247,972,361,695,247,972,361,277,114,31578,277,114,31578,2,2,surface_injure,0.8576093912124634,1
val__846__obj001__surface_injure.png,/Users/princebhanusteta/Documents/Projects/MajorProject_ML/WTDAnalysis/dataProcessed/crops/val/surface_injure/val__846__obj001__surface_injure.png,val,surface_injure,846.jpg,846,846.xml,846,301.jpg,301,1,1,1,1,1,0,0,373,703,1020,841,373,703,1020,841,647,138,89286,647,138,89286,2,2,surface_injure,0.6746405363082886,1
val__851__obj001__surface_injure.png,/Users/princebhanusteta/Documents/Projects/MajorProject_ML/WTDAnalysis/dataProcessed/crops/val/surface_injure/val__851__obj001__surface_injure.png,val,surface_injure,851.jpg,851,851.xml,851,851.jpg,851,1,5,1,0,1,0,0,316,606,342,638,316,606,342,638,26,32,832,26,32,832,2,2,surface_injure,0.9899260997772217,1
val__851__obj002__surface_injure.png,/Users/princebhanusteta/Documents/Projects/MajorProject_ML/WTDAnalysis/dataProcessed/crops/val/surface_injure/val__851__obj002__surface_injure.png,val,surface_injure,851.jpg,851,851.xml,851,851.jpg,851,2,5,1,0,1,0,0,319,481,372,525,319,481,372,525,53,44,2332,53,44,2332,2,2,surface_injure,0.9982695579528809,1
val__851__obj003__surface_injure.png,/Users/princebhanusteta/Documents/Projects/MajorProject_ML/WTDAnalysis/dataProcessed/crops/val/surface_injure/val__851__obj003__surface_injure.png,val,surface_injure,851.jpg,851,851.xml,851,851.jpg,851,3,5,1,0,1,0,0,444,561,481,597,444,561,481,597,37,36,1332,37,36,1332,2,2,surface_injure,0.7871106266975403,1
val__851__obj004__surface_injure.png,/Users/princebhanusteta/Documents/Projects/MajorProject_ML/WTDAnalysis/dataProcessed/crops/val/surface_injure/val__851__obj004__surface_injure.png,val,surface_injure,851.jpg,851,851.xml,851,851.jpg,851,4,5,1,0,1,0,0,558,506,639,630,558,506,639,630,81,124,10044,81,124,10044,2,2,surface_injure,0.994889497756958,1
val__851__obj005__surface_injure.png,/Users/princebhanusteta/Documents/Projects/MajorProject_ML/WTDAnalysis/dataProcessed/crops/val/surface_injure/val__851__obj005__surface_injure.png,val,surface_injure,851.jpg,851,851.xml,851,851.jpg,851,5,5,1,0,1,0,0,712,574,830,691,712,574,830,691,118,117,13806,118,117,13806,2,2,surface_injure,0.9734625220298767,1
val__879__obj001__surface_injure.png,/Users/princebhanusteta/Documents/Projects/MajorProject_ML/WTDAnalysis/dataProcessed/crops/val/surface_injure/val__879__obj001__surface_injure.png,val,surface_injure,879.jpg,879,879.xml,879,369.jpg,369,1,1,1,1,1,0,0,752,3,1024,325,752,3,1024,325,272,322,87584,272,322,87584,2,2,surface_injure,0.9326363801956177,1
val__914__obj001__surface_injure.png,/Users/princebhanusteta/Documents/Projects/MajorProject_ML/WTDAnalysis/dataProcessed/crops/val/surface_injure/val__914__obj001__surface_injure.png,val,surface_injure,914.jpg,914,914.xml,914,45.jpg,45,1,2,1,1,1,0,0,16,517,181,872,16,517,181,872,165,355,58575,165,355,58575,2,2,surface_injure,0.9854866862297058,1
val__914__obj002__surface_injure.png,/Users/princebhanusteta/Documents/Projects/MajorProject_ML/WTDAnalysis/dataProcessed/crops/val/surface_injure/val__914__obj002__surface_injure.png,val,surface_injure,914.jpg,914,914.xml,914,45.jpg,45,2,2,1,1,1,0,0,191,417,664,655,191,417,664,655,473,238,112574,473,238,112574,2,2,surface_injure,0.8840379118919373,1
val__954__obj001__surface_injure.png,/Users/princebhanusteta/Documents/Projects/MajorProject_ML/WTDAnalysis/dataProcessed/crops/val/surface_injure/val__954__obj001__surface_injure.png,val,surface_injure,954.jpg,954,954.xml,954,547.jpg,547,1,1,1,1,1,0,0,377,330,558,760,377,330,558,760,181,430,77830,181,430,77830,2,2,surface_injure,0.9945487976074219,1
val__956__obj001__surface_injure.png,/Users/princebhanusteta/Documents/Projects/MajorProject_ML/WTDAnalysis/dataProcessed/crops/val/surface_injure/val__956__obj001__surface_injure.png,val,surface_injure,956.jpg,956,956.xml,956,956.jpg,956,1,4,2,0,1,0,0,192,86,758,272,192,86,758,272,566,186,105276,566,186,105276,2,2,surface_injure,0.9163631796836853,1
val__956__obj002__surface_injure.png,/Users/princebhanusteta/Documents/Projects/MajorProject_ML/WTDAnalysis/dataProcessed/crops/val/surface_injure/val__956__obj002__surface_injure.png,val,surface_injure,956.jpg,956,956.xml,956,956.jpg,956,2,4,2,0,1,0,0,195,285,355,778,195,285,355,778,160,493,78880,160,493,78880,2,2,surface_injure,0.7230958342552185,1
val__956__obj003__surface_injure.png,/Users/princebhanusteta/Documents/Projects/MajorProject_ML/WTDAnalysis/dataProcessed/crops/val/surface_injure/val__956__obj003__surface_injure.png,val,surface_injure,956.jpg,956,956.xml,956,956.jpg,956,3,4,2,0,1,0,0,667,288,752,728,667,288,752,728,85,440,37400,85,440,37400,2,1,corrosion,0.8105103373527527,0
val__96__obj001__surface_injure.png,/Users/princebhanusteta/Documents/Projects/MajorProject_ML/WTDAnalysis/dataProcessed/crops/val/surface_injure/val__96__obj001__surface_injure.png,val,surface_injure,96.jpg,96,96.xml,96,96.jpg,96,1,2,1,0,1,0,0,608,505,739,639,608,505,739,639,131,134,17554,131,134,17554,2,2,surface_injure,0.995002269744873,1
val__96__obj002__surface_injure.png,/Users/princebhanusteta/Documents/Projects/MajorProject_ML/WTDAnalysis/dataProcessed/crops/val/surface_injure/val__96__obj002__surface_injure.png,val,surface_injure,96.jpg,96,96.xml,96,96.jpg,96,2,2,1,0,1,0,0,875,545,1017,653,875,545,1017,653,142,108,15336,142,108,15336,2,2,surface_injure,0.9892041087150574,1
val__981__obj002__surface_injure.png,/Users/princebhanusteta/Documents/Projects/MajorProject_ML/WTDAnalysis/dataProcessed/crops/val/surface_injure/val__981__obj002__surface_injure.png,val,surface_injure,981.jpg,981,981.xml,981,609.jpg,609,2,2,2,1,1,0,0,661,317,800,369,661,317,800,369,139,52,7228,139,52,7228,2,2,surface_injure,0.75789475440979,1
val__100__obj001__thunderstrike.png,/Users/princebhanusteta/Documents/Projects/MajorProject_ML/WTDAnalysis/dataProcessed/crops/val/thunderstrike/val__100__obj001__thunderstrike.png,val,thunderstrike,100.jpg,100,100.xml,100,100.jpg,100,1,1,1,0,1,0,0,494,142,842,961,494,142,842,961,348,819,285012,348,819,285012,3,3,thunderstrike,0.9221141338348389,1
val__1033__obj001__thunderstrike.png,/Users/princebhanusteta/Documents/Projects/MajorProject_ML/WTDAnalysis/dataProcessed/crops/val/thunderstrike/val__1033__obj001__thunderstrike.png,val,thunderstrike,1033.jpg,1033,1033.xml,1033,708.jpg,708,1,1,1,1,1,0,0,270,103,616,281,270,103,616,281,346,178,61588,346,178,61588,3,3,thunderstrike,0.6945346593856812,1
val__108__obj003__thunderstrike.png,/Users/princebhanusteta/Documents/Projects/MajorProject_ML/WTDAnalysis/dataProcessed/crops/val/thunderstrike/val__108__obj003__thunderstrike.png,val,thunderstrike,108.jpg,108,108.xml,108,108.jpg,108,3,3,2,0,1,0,0,542,313,911,800,542,313,911,800,369,487,179703,369,487,179703,3,3,thunderstrike,0.9179167151451111,1
val__194__obj001__thunderstrike.png,/Users/princebhanusteta/Documents/Projects/MajorProject_ML/WTDAnalysis/dataProcessed/crops/val/thunderstrike/val__194__obj001__thunderstrike.png,val,thunderstrike,194.jpg,194,194.xml,194,194.jpg,194,1,2,1,0,1,0,0,708,102,761,167,708,102,761,167,53,65,3445,53,65,3445,3,2,surface_injure,0.9079806804656982,0
val__194__obj002__thunderstrike.png,/Users/princebhanusteta/Documents/Projects/MajorProject_ML/WTDAnalysis/dataProcessed/crops/val/thunderstrike/val__194__obj002__thunderstrike.png,val,thunderstrike,194.jpg,194,194.xml,194,194.jpg,194,2,2,1,0,1,0,0,773,300,898,406,773,300,898,406,125,106,13250,125,106,13250,3,3,thunderstrike,0.4235239326953888,1
val__205__obj003__thunderstrike.png,/Users/princebhanusteta/Documents/Projects/MajorProject_ML/WTDAnalysis/dataProcessed/crops/val/thunderstrike/val__205__obj003__thunderstrike.png,val,thunderstrike,205.jpg,205,205.xml,205,205.jpg,205,3,3,2,0,1,0,0,836,594,889,708,836,594,889,708,53,114,6042,53,114,6042,3,1,corrosion,0.2793927788734436,0
val__543__obj005__thunderstrike.png,/Users/princebhanusteta/Documents/Projects/MajorProject_ML/WTDAnalysis/dataProcessed/crops/val/thunderstrike/val__543__obj005__thunderstrike.png,val,thunderstrike,543.jpg,543,543.xml,543,543.jpg,543,5,5,2,0,1,0,0,362,374,656,686,362,374,656,686,294,312,91728,294,312,91728,3,3,thunderstrike,0.9948220252990723,1
val__60__obj002__thunderstrike.png,/Users/princebhanusteta/Documents/Projects/MajorProject_ML/WTDAnalysis/dataProcessed/crops/val/thunderstrike/val__60__obj002__thunderstrike.png,val,thunderstrike,60.jpg,60,60.xml,60,60.jpg,60,2,2,2,0,1,0,0,87,639,397,722,87,639,397,722,310,83,25730,310,83,25730,3,3,thunderstrike,0.5048351287841797,1
val__62__obj002__thunderstrike.png,/Users/princebhanusteta/Documents/Projects/MajorProject_ML/WTDAnalysis/dataProcessed/crops/val/thunderstrike/val__62__obj002__thunderstrike.png,val,thunderstrike,62.jpg,62,62.xml,62,62.jpg,62,2,2,2,0,1,0,0,19,450,512,555,19,450,512,555,493,105,51765,493,105,51765,3,3,thunderstrike,0.7399563193321228,1
val__77__obj001__thunderstrike.png,/Users/princebhanusteta/Documents/Projects/MajorProject_ML/WTDAnalysis/dataProcessed/crops/val/thunderstrike/val__77__obj001__thunderstrike.png,val,thunderstrike,77.jpg,77,77.xml,77,77.jpg,77,1,1,1,0,1,0,0,227,825,339,908,227,825,339,908,112,83,9296,112,83,9296,3,0,craze,0.9804677963256836,0
val__835__obj001__thunderstrike.png,/Users/princebhanusteta/Documents/Projects/MajorProject_ML/WTDAnalysis/dataProcessed/crops/val/thunderstrike/val__835__obj001__thunderstrike.png,val,thunderstrike,835.jpg,835,835.xml,835,835.jpg,835,1,1,1,0,1,0,0,487,511,600,731,487,511,600,731,113,220,24860,113,220,24860,3,0,craze,0.7746029496192932,0
val__922__obj001__thunderstrike.png,/Users/princebhanusteta/Documents/Projects/MajorProject_ML/WTDAnalysis/dataProcessed/crops/val/thunderstrike/val__922__obj001__thunderstrike.png,val,thunderstrike,922.jpg,922,922.xml,922,461.jpg,461,1,1,1,1,1,0,0,583,113,727,156,583,113,727,156,144,43,6192,144,43,6192,3,3,thunderstrike,0.9150812029838562,1
val__956__obj004__thunderstrike.png,/Users/princebhanusteta/Documents/Projects/MajorProject_ML/WTDAnalysis/dataProcessed/crops/val/thunderstrike/val__956__obj004__thunderstrike.png,val,thunderstrike,956.jpg,956,956.xml,956,956.jpg,956,4,4,2,0,1,0,0,364,283,672,711,364,283,672,711,308,428,131824,308,428,131824,3,1,corrosion,0.9967385530471802,0
